-- MySQL dump of database 'en_US-demo' on host 'localhost'
-- Backup Date and Time: 2015-05-07 14:03
-- Built by FrontAccounting 2.4.Beta
-- http://frontaccounting.com
-- Company: Training Co
-- User: Administrator

-- Compatibility: 2.4.1

--
-- Database: `fatraining`
--

-- --------------------------------------------------------

SET NAMES latin1;

--
-- Table structure for table `0_areas`
--

DROP TABLE IF EXISTS `0_areas`;
CREATE TABLE IF NOT EXISTS `0_areas` (
  `area_code` int(11) NOT NULL AUTO_INCREMENT,
  `description` varchar(60) NOT NULL DEFAULT '',
  `inactive` tinyint(1) NOT NULL DEFAULT '0',
  PRIMARY KEY (`area_code`),
  UNIQUE KEY `description` (`description`)
) ENGINE=InnoDB AUTO_INCREMENT=2 ;

--
-- Dumping data for table `0_areas`
--

INSERT INTO `0_areas` VALUES (1, 'Global', 0);

-- --------------------------------------------------------

--
-- Table structure for table `0_attachments`
--

DROP TABLE IF EXISTS `0_attachments`;
CREATE TABLE IF NOT EXISTS `0_attachments` (
  `id` int(11) unsigned NOT NULL AUTO_INCREMENT,
  `description` varchar(60) NOT NULL DEFAULT '',
  `type_no` int(11) NOT NULL DEFAULT '0',
  `trans_no` int(11) NOT NULL DEFAULT '0',
  `unique_name` varchar(60) NOT NULL DEFAULT '',
  `tran_date` date NOT NULL DEFAULT '0000-00-00',
  `filename` varchar(60) NOT NULL DEFAULT '',
  `filesize` int(11) NOT NULL DEFAULT '0',
  `filetype` varchar(60) NOT NULL DEFAULT '',
  PRIMARY KEY (`id`),
  KEY `type_no` (`type_no`,`trans_no`)
) ENGINE=InnoDB;

--
-- Dumping data for table `0_attachments`
--

-- --------------------------------------------------------

--
-- Table structure for table `0_audit_trail`
--

DROP TABLE IF EXISTS `0_audit_trail`;
CREATE TABLE IF NOT EXISTS `0_audit_trail` (
  `id` int(11) NOT NULL AUTO_INCREMENT,
  `type` smallint(6) unsigned NOT NULL DEFAULT '0',
  `trans_no` int(11) unsigned NOT NULL DEFAULT '0',
  `user` smallint(6) unsigned NOT NULL DEFAULT '0',
  `stamp` timestamp NOT NULL,
  `description` varchar(60) DEFAULT NULL,
  `fiscal_year` int(11) NOT NULL default 0,
  `gl_date` date NOT NULL DEFAULT '0000-00-00',
  `gl_seq` int(11) unsigned DEFAULT NULL,
  PRIMARY KEY (`id`),
  KEY `Seq` (`fiscal_year`,`gl_date`,`gl_seq`),
  KEY `Type_and_Number` (`type`,`trans_no`)
) ENGINE=InnoDB AUTO_INCREMENT=29 ;

--
-- Dumping data for table `0_audit_trail`
--

INSERT INTO `0_audit_trail` VALUES
('1', '18', '1', '1', '2016-05-05 14:08:02', NULL, '1', '2016-05-05', '0'),
('2', '25', '1', '1', '2016-05-05 14:08:14', NULL, '1', '2016-05-05', '0'),
('3', '30', '1', '1', '2016-05-05 14:09:54', NULL, '1', '2016-05-10', '0'),
('4', '13', '1', '1', '2016-05-05 14:09:55', NULL, '1', '2016-05-10', '0'),
('5', '10', '1', '1', '2016-05-05 14:09:55', NULL, '1', '2016-05-10', '0'),
('6', '12', '1', '1', '2016-05-05 14:09:55', NULL, '1', '2016-05-10', '0'),
('7', '26', '1', '1', '2016-05-05 14:18:49', 'Quick production.', '1', '2016-05-05', '0'),
('8', '18', '2', '1', '2016-05-05 14:22:32', NULL, '1', '2016-05-05', '0'),
('9', '25', '2', '1', '2016-05-05 14:22:32', NULL, '1', '2016-05-05', '0'),
('10', '20', '1', '1', '2016-05-05 14:22:32', NULL, '1', '2016-05-05', '0'),
('11', '30', '2', '1', '2016-05-07 07:55:15', NULL, '1', '2016-05-07', '0'),
('12', '13', '2', '1', '2016-05-07 07:55:16', NULL, '1', '2016-05-07', '0'),
('13', '10', '2', '1', '2016-05-07 07:55:16', NULL, '1', '2016-05-07', '0'),
('14', '12', '2', '1', '2016-05-07 07:55:16', NULL, '1', '2016-05-07', '0'),
('15', '30', '3', '1', '2016-05-07 08:08:24', NULL, '1', '2016-05-07', '0'),
('16', '30', '4', '1', '2016-05-07 09:18:44', NULL, '1', '2016-05-07', '0'),
('17', '30', '5', '1', '2016-05-07 11:42:41', NULL, '1', '2016-05-07', '0'),
('18', '13', '3', '1', '2016-05-07 11:42:41', NULL, '1', '2016-05-07', '0'),
('19', '10', '3', '1', '2016-05-07 11:42:41', NULL, '1', '2016-05-07', '0'),
('20', '30', '6', '1', '2016-05-07 14:02:35', NULL, '1', '2016-05-07', '0'),
('21', '30', '7', '1', '2016-05-07 14:05:38', NULL, '1', '2016-05-07', '0'),
('22', '13', '4', '1', '2016-05-07 14:05:38', NULL, '1', '2016-05-07', '0'),
('23', '10', '4', '1', '2016-05-07 14:05:38', NULL, '1', '2016-05-07', '0'),
('24', '12', '3', '1', '2016-05-07 14:05:38', NULL, '1', '2016-05-07', '0'),
('25', '26', '2', '1', '2016-05-07 15:59:34', NULL, '1', '2016-05-07', NULL),
('26', '26', '3', '1', '2016-05-07 15:59:01', NULL, '1', '2016-05-07', '0'),
('27', '26', '2', '1', '2016-05-07 15:59:34', 'Released.', '1', '2016-05-07', '0'),
('28', '1', '1', '1', '2016-05-07 16:01:00', NULL, '1', '2016-05-07', '0');

-- --------------------------------------------------------

--
-- Table structure for table `0_bank_accounts`
--

DROP TABLE IF EXISTS `0_bank_accounts`;
CREATE TABLE IF NOT EXISTS `0_bank_accounts` (
  `account_code` varchar(15) NOT NULL DEFAULT '',
  `account_type` smallint(6) NOT NULL DEFAULT '0',
  `bank_account_name` varchar(60) NOT NULL DEFAULT '',
  `bank_account_number` varchar(100) NOT NULL DEFAULT '',
  `bank_name` varchar(60) NOT NULL DEFAULT '',
  `bank_address` tinytext,
  `bank_curr_code` char(3) NOT NULL DEFAULT '',
  `dflt_curr_act` tinyint(1) NOT NULL DEFAULT '0',
  `id` smallint(6) NOT NULL AUTO_INCREMENT,
  `bank_charge_act` varchar(15) NOT NULL DEFAULT '',
  `last_reconciled_date` timestamp NOT NULL DEFAULT '0000-00-00 00:00:00',
  `ending_reconcile_balance` double NOT NULL DEFAULT '0',
  `inactive` tinyint(1) NOT NULL DEFAULT '0',
  PRIMARY KEY (`id`),
  KEY `bank_account_name` (`bank_account_name`),
  KEY `bank_account_number` (`bank_account_number`),
  KEY `account_code` (`account_code`)
) ENGINE=InnoDB AUTO_INCREMENT=3 ;

--
-- Dumping data for table `0_bank_accounts`
--

INSERT INTO `0_bank_accounts` VALUES ('1060', 0, 'Current account', 'N/A', 'N/A', '', 'USD', 1, 1, '5690', '0000-00-00 00:00:00', 0, 0);
INSERT INTO `0_bank_accounts` VALUES ('1065', 3, 'Petty Cash account', 'N/A', 'N/A', '', 'USD', 0, 2, '5690', '0000-00-00 00:00:00', 0, 0);

-- --------------------------------------------------------

--
-- Table structure for table `0_bank_trans`
--

DROP TABLE IF EXISTS `0_bank_trans`;
CREATE TABLE IF NOT EXISTS `0_bank_trans` (
  `id` int(11) NOT NULL AUTO_INCREMENT,
  `type` smallint(6) DEFAULT NULL,
  `trans_no` int(11) DEFAULT NULL,
  `bank_act` varchar(15) NOT NULL DEFAULT '',
  `ref` varchar(40) DEFAULT NULL,
  `trans_date` date NOT NULL DEFAULT '0000-00-00',
  `amount` double DEFAULT NULL,
  `dimension_id` int(11) NOT NULL DEFAULT '0',
  `dimension2_id` int(11) NOT NULL DEFAULT '0',
  `person_type_id` int(11) NOT NULL DEFAULT '0',
  `person_id` tinyblob,
  `reconciled` date DEFAULT NULL,
  PRIMARY KEY (`id`),
  KEY `bank_act` (`bank_act`,`ref`),
  KEY `type` (`type`,`trans_no`),
  KEY `bank_act_2` (`bank_act`,`reconciled`),
  KEY `bank_act_3` (`bank_act`,`trans_date`)
) ENGINE=InnoDB AUTO_INCREMENT=5 ;

--
-- Dumping data for table `0_bank_trans`
--

INSERT INTO `0_bank_trans` VALUES
('1', '12', '1', '2', '001/2016', '2016-05-10', '6240', '0', '0', '2', '1', NULL),
('2', '12', '2', '2', '002/2016', '2016-05-07', '300', '0', '0', '2', '1', NULL),
('3', '12', '3', '2', '003/2016', '2016-05-07', '0', '0', '0', '2', '1', NULL),
('4', '1', '1', '1', '001/2016', '2016-05-07', '-5', '0', '0', '0', 'Goods received', NULL);

-- --------------------------------------------------------

--
-- Table structure for table `0_bom`
--

DROP TABLE IF EXISTS `0_bom`;
CREATE TABLE IF NOT EXISTS `0_bom` (
  `id` int(11) NOT NULL AUTO_INCREMENT,
  `parent` char(20) NOT NULL DEFAULT '',
  `component` char(20) NOT NULL DEFAULT '',
  `workcentre_added` int(11) NOT NULL DEFAULT '0',
  `loc_code` char(5) NOT NULL DEFAULT '',
  `quantity` double NOT NULL DEFAULT '1',
  PRIMARY KEY (`parent`,`component`,`workcentre_added`,`loc_code`),
  KEY `component` (`component`),
  KEY `id` (`id`),
  KEY `loc_code` (`loc_code`),
  KEY `parent` (`parent`,`loc_code`),
  KEY `workcentre_added` (`workcentre_added`)
) ENGINE=InnoDB AUTO_INCREMENT=5 ;

--
-- Dumping data for table `0_bom`
--

INSERT INTO `0_bom` VALUES
('1', '201', '101', '1', 'DEF', '1'),
('2', '201', '102', '1', 'DEF', '1'),
('3', '201', '103', '1', 'DEF', '1'),
('4', '201', '301', '1', 'DEF', '1');

-- --------------------------------------------------------

--
-- Table structure for table `0_budget_trans`
--

DROP TABLE IF EXISTS `0_budget_trans`;
CREATE TABLE IF NOT EXISTS `0_budget_trans` (
  `id` int(11) NOT NULL AUTO_INCREMENT,
  `tran_date` date NOT NULL DEFAULT '0000-00-00',
  `account` varchar(15) NOT NULL DEFAULT '',
  `memo_` tinytext NOT NULL,
  `amount` double NOT NULL DEFAULT '0',
  `dimension_id` int(11) DEFAULT '0',
  `dimension2_id` int(11) DEFAULT '0',
  PRIMARY KEY (`id`),
  KEY `Account` (`account`,`tran_date`,`dimension_id`,`dimension2_id`)
) ENGINE=InnoDB;

--
-- Dumping data for table `0_budget_trans`
--

-- --------------------------------------------------------

--
-- Table structure for table `0_chart_class`
--

DROP TABLE IF EXISTS `0_chart_class`;
CREATE TABLE IF NOT EXISTS `0_chart_class` (
  `cid` varchar(3) NOT NULL,
  `class_name` varchar(60) NOT NULL DEFAULT '',
  `ctype` tinyint(1) NOT NULL DEFAULT '0',
  `inactive` tinyint(1) NOT NULL DEFAULT '0',
  PRIMARY KEY (`cid`)
) ENGINE=InnoDB;

--
-- Dumping data for table `0_chart_class`
--

INSERT INTO `0_chart_class` VALUES ('1', 'Assets', 1, 0);
INSERT INTO `0_chart_class` VALUES ('2', 'Liabilities', 2, 0);
INSERT INTO `0_chart_class` VALUES ('3', 'Income', 4, 0);
INSERT INTO `0_chart_class` VALUES ('4', 'Costs', 6, 0);

-- --------------------------------------------------------

--
-- Table structure for table `0_chart_master`
--

DROP TABLE IF EXISTS `0_chart_master`;
CREATE TABLE IF NOT EXISTS `0_chart_master` (
  `account_code` varchar(15) NOT NULL DEFAULT '',
  `account_code2` varchar(15) NOT NULL DEFAULT '',
  `account_name` varchar(60) NOT NULL DEFAULT '',
  `account_type` varchar(10) NOT NULL DEFAULT '0',
  `inactive` tinyint(1) NOT NULL DEFAULT '0',
  PRIMARY KEY (`account_code`),
  KEY `account_name` (`account_name`),
  KEY `accounts_by_type` (`account_type`,`account_code`)
) ENGINE=InnoDB;

--
-- Dumping data for table `0_chart_master`
--

INSERT INTO `0_chart_master` VALUES ('1060', '', 'Checking Account', '1', 0);
INSERT INTO `0_chart_master` VALUES ('1065', '', 'Petty Cash', '1', 0);
INSERT INTO `0_chart_master` VALUES ('1200', '', 'Accounts Receivables', '1', 0);
INSERT INTO `0_chart_master` VALUES ('1205', '', 'Allowance for doubtful accounts', '1', 0);
INSERT INTO `0_chart_master` VALUES ('1510', '', 'Inventory', '2', 0);
INSERT INTO `0_chart_master` VALUES ('1520', '', 'Stocks of Raw Materials', '2', 0);
INSERT INTO `0_chart_master` VALUES ('1530', '', 'Stocks of Work In Progress', '2', 0);
INSERT INTO `0_chart_master` VALUES ('1540', '', 'Stocks of Finished Goods', '2', 0);
INSERT INTO `0_chart_master` VALUES ('1550', '', 'Goods Received Clearing account', '2', 0);
INSERT INTO `0_chart_master` VALUES ('1820', '', 'Office Furniture &amp; Equipment', '3', 0);
INSERT INTO `0_chart_master` VALUES ('1825', '', 'Accum. Amort. -Furn. &amp; Equip.', '3', 0);
INSERT INTO `0_chart_master` VALUES ('1840', '', 'Vehicle', '3', 0);
INSERT INTO `0_chart_master` VALUES ('1845', '', 'Accum. Amort. -Vehicle', '3', 0);
INSERT INTO `0_chart_master` VALUES ('2100', '', 'Accounts Payable', '4', 0);
INSERT INTO `0_chart_master` VALUES ('2110', '', 'Accrued Income Tax - Federal', '4', 0);
INSERT INTO `0_chart_master` VALUES ('2120', '', 'Accrued Income Tax - State', '4', 0);
INSERT INTO `0_chart_master` VALUES ('2130', '', 'Accrued Franchise Tax', '4', 0);
INSERT INTO `0_chart_master` VALUES ('2140', '', 'Accrued Real &amp; Personal Prop Tax', '4', 0);
INSERT INTO `0_chart_master` VALUES ('2150', '', 'Sales Tax', '4', 0);
INSERT INTO `0_chart_master` VALUES ('2160', '', 'Accrued Use Tax Payable', '4', 0);
INSERT INTO `0_chart_master` VALUES ('2210', '', 'Accrued Wages', '4', 0);
INSERT INTO `0_chart_master` VALUES ('2220', '', 'Accrued Comp Time', '4', 0);
INSERT INTO `0_chart_master` VALUES ('2230', '', 'Accrued Holiday Pay', '4', 0);
INSERT INTO `0_chart_master` VALUES ('2240', '', 'Accrued Vacation Pay', '4', 0);
INSERT INTO `0_chart_master` VALUES ('2310', '', 'Accr. Benefits - 401K', '4', 0);
INSERT INTO `0_chart_master` VALUES ('2320', '', 'Accr. Benefits - Stock Purchase', '4', 0);
INSERT INTO `0_chart_master` VALUES ('2330', '', 'Accr. Benefits - Med, Den', '4', 0);
INSERT INTO `0_chart_master` VALUES ('2340', '', 'Accr. Benefits - Payroll Taxes', '4', 0);
INSERT INTO `0_chart_master` VALUES ('2350', '', 'Accr. Benefits - Credit Union', '4', 0);
INSERT INTO `0_chart_master` VALUES ('2360', '', 'Accr. Benefits - Savings Bond', '4', 0);
INSERT INTO `0_chart_master` VALUES ('2370', '', 'Accr. Benefits - Garnish', '4', 0);
INSERT INTO `0_chart_master` VALUES ('2380', '', 'Accr. Benefits - Charity Cont.', '4', 0);
INSERT INTO `0_chart_master` VALUES ('2620', '', 'Bank Loans', '5', 0);
INSERT INTO `0_chart_master` VALUES ('2680', '', 'Loans from Shareholders', '5', 0);
INSERT INTO `0_chart_master` VALUES ('3350', '', 'Common Shares', '6', 0);
INSERT INTO `0_chart_master` VALUES ('3590', '', 'Retained Earnings - prior years', '7', 0);
INSERT INTO `0_chart_master` VALUES ('4010', '', 'Sales', '8', 0);
INSERT INTO `0_chart_master` VALUES ('4430', '', 'Shipping &amp; Handling', '9', 0);
INSERT INTO `0_chart_master` VALUES ('4440', '', 'Interest', '9', 0);
INSERT INTO `0_chart_master` VALUES ('4450', '', 'Foreign Exchange Gain', '9', 0);
INSERT INTO `0_chart_master` VALUES ('4500', '', 'Prompt Payment Discounts', '9', 0);
INSERT INTO `0_chart_master` VALUES ('4510', '', 'Discounts Given', '9', 0);
INSERT INTO `0_chart_master` VALUES ('5010', '', 'Cost of Goods Sold - Retail', '10', 0);
INSERT INTO `0_chart_master` VALUES ('5020', '', 'Material Usage Varaiance', '10', 0);
INSERT INTO `0_chart_master` VALUES ('5030', '', 'Consumable Materials', '10', 0);
INSERT INTO `0_chart_master` VALUES ('5040', '', 'Purchase price Variance', '10', 0);
INSERT INTO `0_chart_master` VALUES ('5050', '', 'Purchases of materials', '10', 0);
INSERT INTO `0_chart_master` VALUES ('5060', '', 'Discounts Received', '10', 0);
INSERT INTO `0_chart_master` VALUES ('5100', '', 'Freight', '10', 0);
INSERT INTO `0_chart_master` VALUES ('5410', '', 'Wages &amp; Salaries', '11', 0);
INSERT INTO `0_chart_master` VALUES ('5420', '', 'Wages - Overtime', '11', 0);
INSERT INTO `0_chart_master` VALUES ('5430', '', 'Benefits - Comp Time', '11', 0);
INSERT INTO `0_chart_master` VALUES ('5440', '', 'Benefits - Payroll Taxes', '11', 0);
INSERT INTO `0_chart_master` VALUES ('5450', '', 'Benefits - Workers Comp', '11', 0);
INSERT INTO `0_chart_master` VALUES ('5460', '', 'Benefits - Pension', '11', 0);
INSERT INTO `0_chart_master` VALUES ('5470', '', 'Benefits - General Benefits', '11', 0);
INSERT INTO `0_chart_master` VALUES ('5510', '', 'Inc Tax Exp - Federal', '11', 0);
INSERT INTO `0_chart_master` VALUES ('5520', '', 'Inc Tax Exp - State', '11', 0);
INSERT INTO `0_chart_master` VALUES ('5530', '', 'Taxes - Real Estate', '11', 0);
INSERT INTO `0_chart_master` VALUES ('5540', '', 'Taxes - Personal Property', '11', 0);
INSERT INTO `0_chart_master` VALUES ('5550', '', 'Taxes - Franchise', '11', 0);
INSERT INTO `0_chart_master` VALUES ('5560', '', 'Taxes - Foreign Withholding', '11', 0);
INSERT INTO `0_chart_master` VALUES ('5610', '', 'Accounting &amp; Legal', '12', 0);
INSERT INTO `0_chart_master` VALUES ('5615', '', 'Advertising &amp; Promotions', '12', 0);
INSERT INTO `0_chart_master` VALUES ('5620', '', 'Bad Debts', '12', 0);
INSERT INTO `0_chart_master` VALUES ('5660', '', 'Amortization Expense', '12', 0);
INSERT INTO `0_chart_master` VALUES ('5685', '', 'Insurance', '12', 0);
INSERT INTO `0_chart_master` VALUES ('5690', '', 'Interest &amp; Bank Charges', '12', 0);
INSERT INTO `0_chart_master` VALUES ('5700', '', 'Office Supplies', '12', 0);
INSERT INTO `0_chart_master` VALUES ('5760', '', 'Rent', '12', 0);
INSERT INTO `0_chart_master` VALUES ('5765', '', 'Repair &amp; Maintenance', '12', 0);
INSERT INTO `0_chart_master` VALUES ('5780', '', 'Telephone', '12', 0);
INSERT INTO `0_chart_master` VALUES ('5785', '', 'Travel &amp; Entertainment', '12', 0);
INSERT INTO `0_chart_master` VALUES ('5790', '', 'Utilities', '12', 0);
INSERT INTO `0_chart_master` VALUES ('5795', '', 'Registrations', '12', 0);
INSERT INTO `0_chart_master` VALUES ('5800', '', 'Licenses', '12', 0);
INSERT INTO `0_chart_master` VALUES ('5810', '', 'Foreign Exchange Loss', '12', 0);
INSERT INTO `0_chart_master` VALUES ('9990', '', 'Year Profit/Loss', '12', 0);

-- --------------------------------------------------------

--
-- Table structure for table `0_chart_types`
--

DROP TABLE IF EXISTS `0_chart_types`;
CREATE TABLE IF NOT EXISTS `0_chart_types` (
  `id` varchar(10) NOT NULL,
  `name` varchar(60) NOT NULL DEFAULT '',
  `class_id` varchar(3) NOT NULL DEFAULT '',
  `parent` varchar(10) NOT NULL DEFAULT '-1',
  `inactive` tinyint(1) NOT NULL DEFAULT '0',
  PRIMARY KEY (`id`),
  KEY `name` (`name`),
  KEY `class_id` (`class_id`)
) ENGINE=InnoDB ;

--
-- Dumping data for table `0_chart_types`
--

INSERT INTO `0_chart_types` VALUES ('1', 'Current Assets', '1', '', 0);
INSERT INTO `0_chart_types` VALUES ('2', 'Inventory Assets', '1', '', 0);
INSERT INTO `0_chart_types` VALUES ('3', 'Capital Assets', '1', '', 0);
INSERT INTO `0_chart_types` VALUES ('4', 'Current Liabilities', '2', '', 0);
INSERT INTO `0_chart_types` VALUES ('5', 'Long Term Liabilities', '2', '', 0);
INSERT INTO `0_chart_types` VALUES ('6', 'Share Capital', '2', '', 0);
INSERT INTO `0_chart_types` VALUES ('7', 'Retained Earnings', '2', '', 0);
INSERT INTO `0_chart_types` VALUES ('8', 'Sales Revenue', '3', '', 0);
INSERT INTO `0_chart_types` VALUES ('9', 'Other Revenue', '3', '', 0);
INSERT INTO `0_chart_types` VALUES ('10', 'Cost of Goods Sold', '4', '', 0);
INSERT INTO `0_chart_types` VALUES ('11', 'Payroll Expenses', '4', '', 0);
INSERT INTO `0_chart_types` VALUES ('12', 'General &amp; Administrative expenses', '4', '', 0);

-- --------------------------------------------------------

--
-- Table structure for table `0_comments`
--

DROP TABLE IF EXISTS `0_comments`;
CREATE TABLE IF NOT EXISTS `0_comments` (
  `type` int(11) NOT NULL DEFAULT '0',
  `id` int(11) NOT NULL DEFAULT '0',
  `date_` date DEFAULT '0000-00-00',
  `memo_` tinytext,
  KEY `type_and_id` (`type`,`id`)
) ENGINE=InnoDB;

--
-- Dumping data for table `0_comments`
--

INSERT INTO `0_comments` VALUES
('12', '1', '2016-05-10', 'Cash invoice 1'),
('12', '2', '2016-05-07', 'Cash invoice 2'),
('13', '4', '2016-05-07', 'Recurrent Invoice covers period 04/01/2016 - 04/07/2016.'),
('10', '4', '2016-05-07', 'Recurrent Invoice covers period 04/01/2016 - 04/07/2016.'),
('12', '3', '2016-05-07', 'Cash invoice 4');

-- --------------------------------------------------------

--
-- Table structure for table `0_credit_status`
--

DROP TABLE IF EXISTS `0_credit_status`;
CREATE TABLE IF NOT EXISTS `0_credit_status` (
  `id` int(11) NOT NULL AUTO_INCREMENT,
  `reason_description` char(100) NOT NULL DEFAULT '',
  `dissallow_invoices` tinyint(1) NOT NULL DEFAULT '0',
  `inactive` tinyint(1) NOT NULL DEFAULT '0',
  PRIMARY KEY (`id`),
  UNIQUE KEY `reason_description` (`reason_description`)
) ENGINE=InnoDB AUTO_INCREMENT=5 ;

--
-- Dumping data for table `0_credit_status`
--

INSERT INTO `0_credit_status` VALUES (1, 'Good History', 0, 0);
INSERT INTO `0_credit_status` VALUES (3, 'No more work until payment received', 1, 0);
INSERT INTO `0_credit_status` VALUES (4, 'In liquidation', 1, 0);

-- --------------------------------------------------------

--
-- Table structure for table `0_crm_categories`
--

DROP TABLE IF EXISTS `0_crm_categories`;
CREATE TABLE IF NOT EXISTS `0_crm_categories` (
  `id` int(11) NOT NULL AUTO_INCREMENT COMMENT 'pure technical key',
  `type` varchar(20) NOT NULL COMMENT 'contact type e.g. customer',
  `action` varchar(20) NOT NULL COMMENT 'detailed usage e.g. department',
  `name` varchar(30) NOT NULL COMMENT 'for category selector',
  `description` tinytext NOT NULL COMMENT 'usage description',
  `system` tinyint(1) NOT NULL DEFAULT '0' COMMENT 'nonzero for core system usage',
  `inactive` tinyint(1) NOT NULL DEFAULT '0',
  PRIMARY KEY (`id`),
  UNIQUE KEY `type` (`type`,`action`),
  UNIQUE KEY `type_2` (`type`,`name`)
) ENGINE=InnoDB AUTO_INCREMENT=13 ;

--
-- Dumping data for table `0_crm_categories`
--

INSERT INTO `0_crm_categories` VALUES (1, 'cust_branch', 'general', 'General', 'General contact data for customer branch (overrides company setting)', 1, 0);
INSERT INTO `0_crm_categories` VALUES (2, 'cust_branch', 'invoice', 'Invoices', 'Invoice posting (overrides company setting)', 1, 0);
INSERT INTO `0_crm_categories` VALUES (3, 'cust_branch', 'order', 'Orders', 'Order confirmation (overrides company setting)', 1, 0);
INSERT INTO `0_crm_categories` VALUES (4, 'cust_branch', 'delivery', 'Deliveries', 'Delivery coordination (overrides company setting)', 1, 0);
INSERT INTO `0_crm_categories` VALUES (5, 'customer', 'general', 'General', 'General contact data for customer', 1, 0);
INSERT INTO `0_crm_categories` VALUES (6, 'customer', 'order', 'Orders', 'Order confirmation', 1, 0);
INSERT INTO `0_crm_categories` VALUES (7, 'customer', 'delivery', 'Deliveries', 'Delivery coordination', 1, 0);
INSERT INTO `0_crm_categories` VALUES (8, 'customer', 'invoice', 'Invoices', 'Invoice posting', 1, 0);
INSERT INTO `0_crm_categories` VALUES (9, 'supplier', 'general', 'General', 'General contact data for supplier', 1, 0);
INSERT INTO `0_crm_categories` VALUES (10, 'supplier', 'order', 'Orders', 'Order confirmation', 1, 0);
INSERT INTO `0_crm_categories` VALUES (11, 'supplier', 'delivery', 'Deliveries', 'Delivery coordination', 1, 0);
INSERT INTO `0_crm_categories` VALUES (12, 'supplier', 'invoice', 'Invoices', 'Invoice posting', 1, 0);

-- --------------------------------------------------------

--
-- Table structure for table `0_crm_contacts`
--

DROP TABLE IF EXISTS `0_crm_contacts`;
CREATE TABLE IF NOT EXISTS `0_crm_contacts` (
  `id` int(11) NOT NULL AUTO_INCREMENT,
  `person_id` int(11) NOT NULL DEFAULT '0' COMMENT 'foreign key to crm_contacts',
  `type` varchar(20) NOT NULL COMMENT 'foreign key to crm_categories',
  `action` varchar(20) NOT NULL COMMENT 'foreign key to crm_categories',
  `entity_id` varchar(11) DEFAULT NULL COMMENT 'entity id in related class table',
  PRIMARY KEY (`id`),
  KEY `type` (`type`,`action`)
) ENGINE=InnoDB AUTO_INCREMENT=11 ;

--
-- Dumping data for table `0_crm_contacts`
--

INSERT INTO `0_crm_contacts` VALUES
('4', '2', 'supplier', 'general', '2'),
('5', '3', 'cust_branch', 'general', '1'),
('7', '3', 'customer', 'general', '1'),
('8', '1', 'supplier', 'general', '1'),
('9', '4', 'cust_branch', 'general', '2'),
('10', '4', 'customer', 'general', '2');

-- --------------------------------------------------------

--
-- Table structure for table `0_crm_persons`
--

DROP TABLE IF EXISTS `0_crm_persons`;
CREATE TABLE IF NOT EXISTS `0_crm_persons` (
  `id` int(11) NOT NULL AUTO_INCREMENT,
  `ref` varchar(30) NOT NULL,
  `name` varchar(60) NOT NULL,
  `name2` varchar(60) DEFAULT NULL,
  `address` tinytext,
  `phone` varchar(30) DEFAULT NULL,
  `phone2` varchar(30) DEFAULT NULL,
  `fax` varchar(30) DEFAULT NULL,
  `email` varchar(100) DEFAULT NULL,
  `lang` char(5) DEFAULT NULL,
  `notes` tinytext NOT NULL,
  `inactive` tinyint(1) NOT NULL DEFAULT '0',
  PRIMARY KEY (`id`),
  KEY `ref` (`ref`)
) ENGINE=InnoDB AUTO_INCREMENT=5 ;

--
-- Dumping data for table `0_crm_persons`
--

INSERT INTO `0_crm_persons` VALUES
('1', 'Dino Saurius', 'John Doe', NULL, 'N/A', NULL, NULL, NULL, NULL, NULL, '', '0'),
('2', 'Beefeater', 'Joe Oversea', NULL, 'N/A', NULL, NULL, NULL, NULL, NULL, '', '0'),
('3', 'Donald Easter', 'Donald Easter LLC', NULL, 'N/A', NULL, NULL, NULL, NULL, NULL, '', '0'),
('4', 'MoneyMaker', 'MoneyMaker Ltd.', NULL, NULL, NULL, NULL, NULL, NULL, NULL, '', '0');

-- --------------------------------------------------------

--
-- Table structure for table `0_currencies`
--

DROP TABLE IF EXISTS `0_currencies`;
CREATE TABLE IF NOT EXISTS `0_currencies` (
  `currency` varchar(60) NOT NULL DEFAULT '',
  `curr_abrev` char(3) NOT NULL DEFAULT '',
  `curr_symbol` varchar(10) NOT NULL DEFAULT '',
  `country` varchar(100) NOT NULL DEFAULT '',
  `hundreds_name` varchar(15) NOT NULL DEFAULT '',
  `auto_update` tinyint(1) NOT NULL DEFAULT '1',
  `inactive` tinyint(1) NOT NULL DEFAULT '0',
  PRIMARY KEY (`curr_abrev`)
) ENGINE=InnoDB;

--
-- Dumping data for table `0_currencies`
--

INSERT INTO `0_currencies` VALUES ('US Dollars', 'USD', '$', 'United States', 'Cents', 1, 0);
INSERT INTO `0_currencies` VALUES ('CA Dollars', 'CAD', '$', 'Canada', 'Cents', 1, 0);
INSERT INTO `0_currencies` VALUES ('Euro', 'EUR', '€', 'Europe', 'Cents', 1, 0);
INSERT INTO `0_currencies` VALUES ('Pounds', 'GBP', '£', 'England', 'Pence', 1, 0);

-- --------------------------------------------------------

--
-- Table structure for table `0_cust_allocations`
--

DROP TABLE IF EXISTS `0_cust_allocations`;
CREATE TABLE IF NOT EXISTS `0_cust_allocations` (
  `id` int(11) NOT NULL AUTO_INCREMENT,
  `person_id` int(11) DEFAULT NULL,
  `amt` double unsigned DEFAULT NULL,
  `date_alloc` date NOT NULL DEFAULT '0000-00-00',
  `trans_no_from` int(11) DEFAULT NULL,
  `trans_type_from` int(11) DEFAULT NULL,
  `trans_no_to` int(11) DEFAULT NULL,
  `trans_type_to` int(11) DEFAULT NULL,
  PRIMARY KEY (`id`),
  UNIQUE KEY `trans_type_from` (`person_id`,`trans_type_from`,`trans_no_from`,`trans_type_to`,`trans_no_to`),
  KEY `From` (`trans_type_from`,`trans_no_from`),
  KEY `To` (`trans_type_to`,`trans_no_to`)
) ENGINE=InnoDB AUTO_INCREMENT=4 ;

--
-- Dumping data for table `0_cust_allocations`
--

INSERT INTO `0_cust_allocations` VALUES
('1', '1', '6240', '2016-05-10', '1', '12', '1', '10'),
('2', '1', '300', '2016-05-07', '2', '12', '2', '10'),
('3', '1', '0', '2016-05-07', '3', '12', '4', '10');

-- --------------------------------------------------------

--
-- Table structure for table `0_cust_branch`
--

DROP TABLE IF EXISTS `0_cust_branch`;
CREATE TABLE IF NOT EXISTS `0_cust_branch` (
  `branch_code` int(11) NOT NULL AUTO_INCREMENT,
  `debtor_no` int(11) NOT NULL DEFAULT '0',
  `br_name` varchar(60) NOT NULL DEFAULT '',
  `branch_ref` varchar(30) NOT NULL DEFAULT '',
  `br_address` tinytext NOT NULL,
  `area` int(11) DEFAULT NULL,
  `salesman` int(11) NOT NULL DEFAULT '0',
  `default_location` varchar(5) NOT NULL DEFAULT '',
  `tax_group_id` int(11) DEFAULT NULL,
  `sales_account` varchar(15) NOT NULL DEFAULT '',
  `sales_discount_account` varchar(15) NOT NULL DEFAULT '',
  `receivables_account` varchar(15) NOT NULL DEFAULT '',
  `payment_discount_account` varchar(15) NOT NULL DEFAULT '',
  `default_ship_via` int(11) NOT NULL DEFAULT '1',
  `br_post_address` tinytext NOT NULL,
  `group_no` int(11) NOT NULL DEFAULT '0',
  `notes` tinytext NOT NULL,
  `bank_account` varchar(60) DEFAULT NULL,
  `inactive` tinyint(1) NOT NULL DEFAULT '0',
  PRIMARY KEY (`branch_code`,`debtor_no`),
  KEY `branch_ref` (`branch_ref`),
  KEY `group_no` (`group_no`)
) ENGINE=InnoDB AUTO_INCREMENT=3 ;

--
-- Dumping data for table `0_cust_branch`
--

INSERT INTO `0_cust_branch` VALUES
('1', '1', 'Donald Easter LLC', 'Donald Easter', 'N/A', '1', '1', 'DEF', '1', '', '4510', '1200', '4500', '1', 'N/A', '0', '', NULL, '0'),
('2', '2', 'MoneyMaker Ltd.', 'MoneyMaker', '', '1', '1', 'DEF', '2', '', '4510', '1200', '4500', '1', '', '0', '', NULL, '0');

-- --------------------------------------------------------

--
-- Table structure for table `0_debtors_master`
--

DROP TABLE IF EXISTS `0_debtors_master`;
CREATE TABLE IF NOT EXISTS `0_debtors_master` (
  `debtor_no` int(11) NOT NULL auto_increment,
  `name` varchar(100) NOT NULL default '',
  `debtor_ref` varchar(30) NOT NULL,
  `address` tinytext,
  `tax_id` varchar(55) NOT NULL default '',
  `curr_code` char(3) NOT NULL default '',
  `sales_type` int(11) NOT NULL default '1',
  `dimension_id` int(11) NOT NULL default '0',
  `dimension2_id` int(11) NOT NULL default '0',
  `credit_status` int(11) NOT NULL default '0',
  `payment_terms` int(11) default NULL,
  `discount` double NOT NULL default '0',
  `pymt_discount` double NOT NULL default '0',
  `credit_limit` float NOT NULL default '1000',
  `notes` tinytext NOT NULL,
  `inactive` tinyint(1) NOT NULL default '0',
  PRIMARY KEY (`debtor_no`),
  KEY `name` (`name`),
  UNIQUE KEY `debtor_ref` (`debtor_ref`)
) ENGINE=InnoDB;

--
-- Dumping data for table `0_debtors_master`
--


INSERT INTO `0_debtors_master` VALUES
('1', 'Donald Easter LLC', 'Donald Easter', 'N/A', '123456789', 'USD', '1', '0', '0', '1', '4', '0', '0', '1000', '', '0'),
('2', 'MoneyMaker Ltd.', 'MoneyMaker', 'N/A', '54354333', 'EUR', '1', '1', '0', '1', '1', '0', '0', '1000', '', '0');

-- --------------------------------------------------------

--
-- Table structure for table `0_debtor_trans`
--

DROP TABLE IF EXISTS `0_debtor_trans`;
CREATE TABLE IF NOT EXISTS `0_debtor_trans` (
  `trans_no` int(11) unsigned NOT NULL DEFAULT '0',
  `type` smallint(6) unsigned NOT NULL DEFAULT '0',
  `version` tinyint(1) unsigned NOT NULL DEFAULT '0',
  `debtor_no` int(11) unsigned NOT NULL,
  `branch_code` int(11) NOT NULL DEFAULT '-1',
  `tran_date` date NOT NULL DEFAULT '0000-00-00',
  `due_date` date NOT NULL DEFAULT '0000-00-00',
  `reference` varchar(60) NOT NULL DEFAULT '',
  `tpe` int(11) NOT NULL DEFAULT '0',
  `order_` int(11) NOT NULL DEFAULT '0',
  `ov_amount` double NOT NULL DEFAULT '0',
  `ov_gst` double NOT NULL DEFAULT '0',
  `ov_freight` double NOT NULL DEFAULT '0',
  `ov_freight_tax` double NOT NULL DEFAULT '0',
  `ov_discount` double NOT NULL DEFAULT '0',
  `alloc` double NOT NULL DEFAULT '0',
  `prep_amount` double NOT NULL DEFAULT '0',
  `rate` double NOT NULL DEFAULT '1',
  `ship_via` int(11) DEFAULT NULL,
  `dimension_id` int(11) NOT NULL DEFAULT '0',
  `dimension2_id` int(11) NOT NULL DEFAULT '0',
  `payment_terms` int(11) DEFAULT NULL,
  `tax_included` tinyint(1) unsigned NOT NULL DEFAULT '0',
  PRIMARY KEY (`type`,`trans_no`,`debtor_no`),
  KEY `debtor_no` (`debtor_no`,`branch_code`),
  KEY `tran_date` (`tran_date`),
  KEY `order_` (`order_`)
) ENGINE=InnoDB;

--
-- Dumping data for table `0_debtor_trans`
--


INSERT INTO `0_debtor_trans` VALUES
('1', '10', '0', '1', '1', '2016-05-10', '2016-05-05', '001/2016', '1', '1', '6240', '0', '0', '0', '0', '6240', '0', '1', '1', '0', '0', '4', '1'),
('2', '10', '0', '1', '1', '2016-05-07', '2016-05-07', '002/2016', '1', '2', '300', '0', '0', '0', '0', '300', '0', '1', '1', '0', '0', '4', '1'),
('3', '10', '0', '2', '2', '2016-05-07', '2016-06-17', '003/2016', '1', '5', '267.14', '0', '0', '0', '0', '0', '0', '1.123', '1', '1', '0', '1', '1'),
('4', '10', '0', '1', '1', '2016-05-07', '2016-05-07', '004/2016', '1', '7', '0', '0', '0', '0', '0', '0', '0', '1', '1', '0', '0', '4', '1'),
('1', '12', '0', '1', '1', '2016-05-10', '0000-00-00', '001/2016', '0', '0', '6240', '0', '0', '0', '0', '6240', '0', '1', '0', '0', '0', NULL, '0'),
('2', '12', '0', '1', '1', '2016-05-07', '0000-00-00', '002/2016', '0', '0', '300', '0', '0', '0', '0', '300', '0', '1', '0', '0', '0', NULL, '0'),
('3', '12', '0', '1', '1', '2016-05-07', '0000-00-00', '003/2016', '0', '0', '0', '0', '0', '0', '0', '0', '0', '1', '0', '0', '0', NULL, '0'),
('1', '13', '1', '1', '1', '2016-05-10', '2016-05-05', 'auto', '1', '1', '6240', '0', '0', '0', '0', '0', '0', '1', '1', '0', '0', '4', '1'),
('2', '13', '1', '1', '1', '2016-05-07', '2016-05-07', 'auto', '1', '2', '300', '0', '0', '0', '0', '0', '0', '1', '1', '0', '0', '4', '1'),
('3', '13', '1', '2', '2', '2016-05-07', '2016-06-17', 'auto', '1', '5', '267.14', '0', '0', '0', '0', '0', '0', '1.123', '1', '1', '0', '1', '1'),
('4', '13', '1', '1', '1', '2016-05-07', '2016-05-07', 'auto', '1', '7', '0', '0', '0', '0', '0', '0', '0', '1', '1', '0', '0', '4', '1');

-- --------------------------------------------------------

--
-- Table structure for table `0_debtor_trans_details`
--

DROP TABLE IF EXISTS `0_debtor_trans_details`;
CREATE TABLE IF NOT EXISTS `0_debtor_trans_details` (
  `id` int(11) NOT NULL AUTO_INCREMENT,
  `debtor_trans_no` int(11) DEFAULT NULL,
  `debtor_trans_type` int(11) DEFAULT NULL,
  `stock_id` varchar(20) NOT NULL DEFAULT '',
  `description` tinytext,
  `unit_price` double NOT NULL DEFAULT '0',
  `unit_tax` double NOT NULL DEFAULT '0',
  `quantity` double NOT NULL DEFAULT '0',
  `discount_percent` double NOT NULL DEFAULT '0',
  `standard_cost` double NOT NULL DEFAULT '0',
  `qty_done` double NOT NULL DEFAULT '0',
  `src_id` int(11) NOT NULL,
  PRIMARY KEY (`id`),
  KEY `Transaction` (`debtor_trans_type`,`debtor_trans_no`),
  KEY (`src_id`)
) ENGINE=InnoDB AUTO_INCREMENT=13 ;

--
-- Dumping data for table `0_debtor_trans_details`
--

INSERT INTO `0_debtor_trans_details` VALUES
('1', '1', '13', '101', 'iPad Air 2 16GB', '300', '14.29', '20', '0', '200', '20', '1'),
('2', '1', '13', '301', 'Support', '80', '3.81', '3', '0', '0', '3', '2'),
('3', '1', '10', '101', 'iPad Air 2 16GB', '300', '14.2855', '20', '0', '200', '0', '1'),
('4', '1', '10', '301', 'Support', '80', '3.81', '3', '0', '0', '0', '2'),
('5', '2', '13', '101', 'iPad Air 2 16GB', '300', '14.29', '1', '0', '200', '1', '3'),
('6', '2', '10', '101', 'iPad Air 2 16GB', '300', '14.29', '1', '0', '200', '0', '5'),
('7', '3', '13', '102', 'iPhone 6 64GB', '222.62', '0', '1', '0', '150', '1', '7'),
('8', '3', '13', '103', 'iPhone Cover Case', '44.52', '0', '1', '0', '10', '1', '8'),
('9', '3', '10', '102', 'iPhone 6 64GB', '222.62', '0', '1', '0', '150', '0', '7'),
('10', '3', '10', '103', 'iPhone Cover Case', '44.52', '0', '1', '0', '10', '0', '8'),
('11', '4', '13', '202', 'Maintenance', '0', '0', '5', '0', '0', '5', '10'),
('12', '4', '10', '202', 'Maintenance', '0', '0', '5', '0', '0', '0', '11');

-- --------------------------------------------------------

--
-- Table structure for table `0_dimensions`
--

DROP TABLE IF EXISTS `0_dimensions`;
CREATE TABLE IF NOT EXISTS `0_dimensions` (
  `id` int(11) NOT NULL AUTO_INCREMENT,
  `reference` varchar(60) NOT NULL DEFAULT '',
  `name` varchar(60) NOT NULL DEFAULT '',
  `type_` tinyint(1) NOT NULL DEFAULT '1',
  `closed` tinyint(1) NOT NULL DEFAULT '0',
  `date_` date NOT NULL DEFAULT '0000-00-00',
  `due_date` date NOT NULL DEFAULT '0000-00-00',
  PRIMARY KEY (`id`),
  UNIQUE KEY `reference` (`reference`),
  KEY `date_` (`date_`),
  KEY `due_date` (`due_date`),
  KEY `type_` (`type_`)
) ENGINE=InnoDB AUTO_INCREMENT=2 ;

--
-- Dumping data for table `0_dimensions`
--

INSERT INTO `0_dimensions` VALUES ('1', '001/2016', 'Cost Centre', '1', '0', '2016-05-05', '2016-05-25');

-- --------------------------------------------------------

--
-- Table structure for table `0_exchange_rates`
--

DROP TABLE IF EXISTS `0_exchange_rates`;
CREATE TABLE IF NOT EXISTS `0_exchange_rates` (
  `id` int(11) NOT NULL AUTO_INCREMENT,
  `curr_code` char(3) NOT NULL DEFAULT '',
  `rate_buy` double NOT NULL DEFAULT '0',
  `rate_sell` double NOT NULL DEFAULT '0',
  `date_` date NOT NULL DEFAULT '0000-00-00',
  PRIMARY KEY (`id`),
  UNIQUE KEY `curr_code` (`curr_code`,`date_`)
) ENGINE=InnoDB AUTO_INCREMENT=2 ;

--
-- Dumping data for table `0_exchange_rates`
--

INSERT INTO `0_exchange_rates` VALUES ('1', 'EUR', '1.123', '1.123', '2016-05-07');

-- --------------------------------------------------------

--
-- Table structure for table `0_fiscal_year`
--

DROP TABLE IF EXISTS `0_fiscal_year`;
CREATE TABLE IF NOT EXISTS `0_fiscal_year` (
  `id` int(11) NOT NULL AUTO_INCREMENT,
  `begin` date DEFAULT '0000-00-00',
  `end` date DEFAULT '0000-00-00',
  `closed` tinyint(1) NOT NULL DEFAULT '0',
  PRIMARY KEY (`id`),
  UNIQUE KEY `begin` (`begin`),
  UNIQUE KEY `end` (`end`)
) ENGINE=InnoDB AUTO_INCREMENT=2 ;

--
-- Dumping data for table `0_fiscal_year`
--

INSERT INTO `0_fiscal_year` VALUES (1, '2016-01-01', '2016-12-31', 0);

-- --------------------------------------------------------

--
-- Table structure for table `0_gl_trans`
--

DROP TABLE IF EXISTS `0_gl_trans`;
CREATE TABLE IF NOT EXISTS `0_gl_trans` (
  `counter` int(11) NOT NULL AUTO_INCREMENT,
  `type` smallint(6) NOT NULL DEFAULT '0',
  `type_no` int(11) NOT NULL DEFAULT '0',
  `tran_date` date NOT NULL DEFAULT '0000-00-00',
  `account` varchar(15) NOT NULL DEFAULT '',
  `memo_` tinytext NOT NULL,
  `amount` double NOT NULL DEFAULT '0',
  `dimension_id` int(11) NOT NULL DEFAULT '0',
  `dimension2_id` int(11) NOT NULL DEFAULT '0',
  `person_type_id` int(11) DEFAULT NULL,
  `person_id` tinyblob,
  PRIMARY KEY (`counter`),
  KEY `Type_and_Number` (`type`,`type_no`),
  KEY `dimension_id` (`dimension_id`),
  KEY `dimension2_id` (`dimension2_id`),
  KEY `tran_date` (`tran_date`),
  KEY `account_and_tran_date` (`account`,`tran_date`)
) ENGINE=InnoDB AUTO_INCREMENT=39 ;

--
-- Dumping data for table `0_gl_trans`
--

INSERT INTO `0_gl_trans` VALUES
('1', '25', '1', '2016-05-05', '1510', '101', '20000', '0', '0', NULL, NULL),
('2', '25', '1', '2016-05-05', '1510', '102', '15000', '0', '0', NULL, NULL),
('3', '25', '1', '2016-05-05', '1510', '103', '1000', '0', '0', NULL, NULL),
('4', '25', '1', '2016-05-05', '1550', '', '-36000', '0', '0', NULL, NULL),
('5', '13', '1', '2016-05-10', '5010', '', '4000', '0', '0', NULL, NULL),
('6', '13', '1', '2016-05-10', '1510', '', '-4000', '0', '0', NULL, NULL),
('7', '10', '1', '2016-05-10', '4010', '', '-5714.29', '0', '0', NULL, NULL),
('8', '10', '1', '2016-05-10', '4010', '', '-228.57', '0', '0', NULL, NULL),
('9', '10', '1', '2016-05-10', '1200', '', '6240', '0', '0', '2', '1'),
('10', '10', '1', '2016-05-10', '2150', '', '-297.14', '0', '0', NULL, NULL),
('11', '12', '1', '2016-05-10', '1065', '', '6240', '0', '0', NULL, NULL),
('12', '12', '1', '2016-05-10', '1200', '', '-6240', '0', '0', '2', '1'),
('13', '26', '1', '2016-05-05', '1510', '1 * iPad Air 2 16GB', '-400', '0', '0', NULL, NULL),
('14', '26', '1', '2016-05-05', '1510', '1 * iPhone 6 64GB', '-300', '0', '0', NULL, NULL),
('15', '26', '1', '2016-05-05', '1510', '1 * iPhone Cover Case', '-20', '0', '0', NULL, NULL),
('16', '26', '1', '2016-05-05', '1510', 'Produced 2 * AP Surf Set', '720', '0', '0', NULL, NULL),
('17', '25', '2', '2016-05-05', '1510', '101', '3000', '0', '0', NULL, NULL),
('18', '25', '2', '2016-05-05', '1550', '', '-3000', '0', '0', NULL, NULL),
('19', '20', '1', '2016-05-05', '2150', '', '150', '0', '0', NULL, NULL),
('20', '20', '1', '2016-05-05', '2100', '', '-3150', '0', '0', '3', '1'),
('21', '20', '1', '2016-05-05', '1550', '', '3000', '0', '0', NULL, NULL),
('22', '13', '2', '2016-05-07', '5010', '', '200', '0', '0', NULL, NULL),
('23', '13', '2', '2016-05-07', '1510', '', '-200', '0', '0', NULL, NULL),
('24', '10', '2', '2016-05-07', '4010', '', '-285.71', '0', '0', NULL, NULL),
('25', '10', '2', '2016-05-07', '1200', '', '300', '0', '0', '2', '1'),
('26', '10', '2', '2016-05-07', '2150', '', '-14.29', '0', '0', NULL, NULL),
('27', '12', '2', '2016-05-07', '1065', '', '300', '0', '0', NULL, NULL),
('28', '12', '2', '2016-05-07', '1200', '', '-300', '0', '0', '2', '1'),
('29', '13', '3', '2016-05-07', '5010', '', '150', '1', '0', NULL, NULL),
('30', '13', '3', '2016-05-07', '1510', '', '-150', '0', '0', NULL, NULL),
('31', '13', '3', '2016-05-07', '5010', '', '10', '1', '0', NULL, NULL),
('32', '13', '3', '2016-05-07', '1510', '', '-10', '0', '0', NULL, NULL),
('33', '10', '3', '2016-05-07', '4010', '', '-250', '1', '0', NULL, NULL),
('34', '10', '3', '2016-05-07', '4010', '', '-50', '1', '0', NULL, NULL),
('35', '10', '3', '2016-05-07', '1200', '', '300', '0', '0', '2', '2'),
('36', '12', '3', '2016-05-07', '1065', '', '0', '0', '0', NULL, NULL),
('37', '1', '1', '2016-05-07', '5010', '', '5', '1', '0', NULL, NULL),
('38', '1', '1', '2016-05-07', '1060', '', '-5', '0', '0', NULL, NULL);

-- --------------------------------------------------------

--
-- Table structure for table `0_grn_batch`
--

DROP TABLE IF EXISTS `0_grn_batch`;
CREATE TABLE IF NOT EXISTS `0_grn_batch` (
  `id` int(11) NOT NULL AUTO_INCREMENT,
  `supplier_id` int(11) NOT NULL DEFAULT '0',
  `purch_order_no` int(11) DEFAULT NULL,
  `reference` varchar(60) NOT NULL DEFAULT '',
  `delivery_date` date NOT NULL DEFAULT '0000-00-00',
  `loc_code` varchar(5) DEFAULT NULL,
  `rate` double DEFAULT '1',
  PRIMARY KEY (`id`),
  KEY `delivery_date` (`delivery_date`),
  KEY `purch_order_no` (`purch_order_no`)
) ENGINE=InnoDB AUTO_INCREMENT=3 ;

--
-- Dumping data for table `0_grn_batch`
--

INSERT INTO `0_grn_batch` VALUES
('1', '1', '1', '001/2016', '2016-05-05', 'DEF', '1'),
('2', '1', '2', 'auto', '2016-05-05', 'DEF', '1');

-- --------------------------------------------------------

--
-- Table structure for table `0_grn_items`
--

DROP TABLE IF EXISTS `0_grn_items`;
CREATE TABLE IF NOT EXISTS `0_grn_items` (
  `id` int(11) NOT NULL AUTO_INCREMENT,
  `grn_batch_id` int(11) DEFAULT NULL,
  `po_detail_item` int(11) NOT NULL DEFAULT '0',
  `item_code` varchar(20) NOT NULL DEFAULT '',
  `description` tinytext,
  `qty_recd` double NOT NULL DEFAULT '0',
  `quantity_inv` double NOT NULL DEFAULT '0',
  PRIMARY KEY (`id`),
  KEY `grn_batch_id` (`grn_batch_id`)
) ENGINE=InnoDB AUTO_INCREMENT=5 ;

--
-- Dumping data for table `0_grn_items`
--

INSERT INTO `0_grn_items` VALUES
('1', '1', '1', '101', 'iPad Air 2 16GB', '100', '0'),
('2', '1', '2', '102', 'iPhone 6 64GB', '100', '0'),
('3', '1', '3', '103', 'iPhone Cover Case', '100', '0'),
('4', '2', '4', '101', 'iPad Air 2 16GB', '15', '15');

-- --------------------------------------------------------

--
-- Table structure for table `0_groups`
--

DROP TABLE IF EXISTS `0_groups`;
CREATE TABLE IF NOT EXISTS `0_groups` (
  `id` smallint(6) unsigned NOT NULL AUTO_INCREMENT,
  `description` varchar(60) NOT NULL DEFAULT '',
  `inactive` tinyint(1) NOT NULL DEFAULT '0',
  PRIMARY KEY (`id`),
  UNIQUE KEY `description` (`description`)
) ENGINE=InnoDB AUTO_INCREMENT=4 ;

--
-- Dumping data for table `0_groups`
--

INSERT INTO `0_groups` VALUES (1, 'Small', 0);
INSERT INTO `0_groups` VALUES (2, 'Medium', 0);
INSERT INTO `0_groups` VALUES (3, 'Large', 0);

-- --------------------------------------------------------

--
-- Table structure for table `0_item_codes`
--

DROP TABLE IF EXISTS `0_item_codes`;
CREATE TABLE IF NOT EXISTS `0_item_codes` (
  `id` int(11) unsigned NOT NULL AUTO_INCREMENT,
  `item_code` varchar(20) NOT NULL,
  `stock_id` varchar(20) NOT NULL,
  `description` varchar(200) NOT NULL DEFAULT '',
  `category_id` smallint(6) unsigned NOT NULL,
  `quantity` double NOT NULL DEFAULT '1',
  `is_foreign` tinyint(1) NOT NULL DEFAULT '0',
  `inactive` tinyint(1) NOT NULL DEFAULT '0',
  PRIMARY KEY (`id`),
  UNIQUE KEY `stock_id` (`stock_id`,`item_code`),
  KEY `item_code` (`item_code`)
) ENGINE=InnoDB AUTO_INCREMENT=9 ;

--
-- Dumping data for table `0_item_codes`
--

INSERT INTO `0_item_codes` VALUES
('1', '101', '101', 'iPad Air 2 16GB', '1', '1', '0', '0'),
('2', '102', '102', 'iPhone 6 64GB', '1', '1', '0', '0'),
('3', '103', '103', 'iPhone Cover Case', '1', '1', '0', '0'),
('4', '201', '201', 'AP Surf Set', '3', '1', '0', '0'),
('5', '301', '301', 'Support', '4', '1', '0', '0'),
('6', '501', '102', 'iPhone Pack', '1', '1', '0', '0'),
('7', '501', '103', 'iPhone Pack', '1', '1', '0', '0'),
('8', '202', '202', 'Maintenance', '4', '1', '0', '0');

-- --------------------------------------------------------

--
-- Table structure for table `0_item_tax_types`
--

DROP TABLE IF EXISTS `0_item_tax_types`;
CREATE TABLE IF NOT EXISTS `0_item_tax_types` (
  `id` int(11) NOT NULL auto_increment,
  `name` varchar(60) NOT NULL default '',
  `exempt` tinyint(1) NOT NULL default '0',
  `inactive` tinyint(1) NOT NULL default '0',
  PRIMARY KEY (`id`),
  UNIQUE KEY `name` (`name`)
) ENGINE=InnoDB AUTO_INCREMENT=2 ;

--
-- Dumping data for table `0_item_tax_types`
--

INSERT INTO `0_item_tax_types` VALUES (1, 'Regular', 0, 0);

-- --------------------------------------------------------

--
-- Table structure for table `0_item_tax_type_exemptions`
--

DROP TABLE IF EXISTS `0_item_tax_type_exemptions`;
CREATE TABLE IF NOT EXISTS `0_item_tax_type_exemptions` (
  `item_tax_type_id` int(11) NOT NULL DEFAULT '0',
  `tax_type_id` int(11) NOT NULL DEFAULT '0',
  PRIMARY KEY (`item_tax_type_id`,`tax_type_id`)
) ENGINE=InnoDB;

--
-- Dumping data for table `0_item_tax_type_exemptions`
--

-- --------------------------------------------------------

--
-- Table structure for table `0_item_units`
--

DROP TABLE IF EXISTS `0_item_units`;
CREATE TABLE IF NOT EXISTS `0_item_units` (
  `abbr` varchar(20) NOT NULL,
  `name` varchar(40) NOT NULL,
  `decimals` tinyint(2) NOT NULL,
  `inactive` tinyint(1) NOT NULL DEFAULT '0',
  PRIMARY KEY (`abbr`),
  UNIQUE KEY `name` (`name`)
) ENGINE=InnoDB;

--
-- Dumping data for table `0_item_units`
--

INSERT INTO `0_item_units` VALUES ('each', 'Each', 0, 0);
INSERT INTO `0_item_units` VALUES ('hr', 'Hours', 0, 0);

-- --------------------------------------------------------

--
-- Table structure for table `0_journal`
--

DROP TABLE IF EXISTS `0_journal`;
CREATE TABLE `0_journal` (
  `type` smallint(6) NOT NULL DEFAULT '0',
  `trans_no` int(11) NOT NULL DEFAULT '0',
  `tran_date` date DEFAULT '0000-00-00',
  `reference` varchar(60) NOT NULL DEFAULT '',
  `source_ref` varchar(60) NOT NULL DEFAULT '',
  `event_date` date DEFAULT '0000-00-00',
  `doc_date` date NOT NULL DEFAULT '0000-00-00',
  `currency` char(3) NOT NULL DEFAULT '',
  `amount` double NOT NULL DEFAULT '0',
  `rate` double NOT NULL DEFAULT '1',
  PRIMARY KEY (`type`,`trans_no`),
  KEY `tran_date` (`tran_date`)
) ENGINE=InnoDB ;

--
-- Dumping data for table `0_journal`
--

-- --------------------------------------------------------

--
-- Table structure for table `0_locations`
--

DROP TABLE IF EXISTS `0_locations`;
CREATE TABLE IF NOT EXISTS `0_locations` (
  `loc_code` varchar(5) NOT NULL DEFAULT '',
  `location_name` varchar(60) NOT NULL DEFAULT '',
  `delivery_address` tinytext NOT NULL,
  `phone` varchar(30) NOT NULL DEFAULT '',
  `phone2` varchar(30) NOT NULL DEFAULT '',
  `fax` varchar(30) NOT NULL DEFAULT '',
  `email` varchar(100) NOT NULL DEFAULT '',
  `contact` varchar(30) NOT NULL DEFAULT '',
  `fixed_asset` tinyint(1) NOT NULL DEFAULT '0',
  `inactive` tinyint(1) NOT NULL DEFAULT '0',
  PRIMARY KEY (`loc_code`)
) ENGINE=InnoDB;

--
-- Dumping data for table `0_locations`
--

INSERT INTO `0_locations` VALUES ('DEF', 'Default', 'N/A', '', '', '', '', '', 0, 0);

-- --------------------------------------------------------

--
-- Table structure for table `0_loc_stock`
--

DROP TABLE IF EXISTS `0_loc_stock`;
CREATE TABLE IF NOT EXISTS `0_loc_stock` (
  `loc_code` char(5) NOT NULL DEFAULT '',
  `stock_id` char(20) NOT NULL DEFAULT '',
  `reorder_level` double NOT NULL DEFAULT '0',
  PRIMARY KEY (`loc_code`,`stock_id`),
  KEY `stock_id` (`stock_id`)
) ENGINE=InnoDB;

--
-- Dumping data for table `0_loc_stock`
--

INSERT INTO `0_loc_stock` VALUES
('DEF', '101', '0'),
('DEF', '102', '0'),
('DEF', '103', '0'),
('DEF', '201', '0'),
('DEF', '202', '0'),
('DEF', '301', '0');

-- --------------------------------------------------------

--
-- Table structure for table `0_payment_terms`
--

DROP TABLE IF EXISTS `0_payment_terms`;
CREATE TABLE IF NOT EXISTS `0_payment_terms` (
  `terms_indicator` int(11) NOT NULL AUTO_INCREMENT,
  `terms` char(80) NOT NULL DEFAULT '',
  `days_before_due` smallint(6) NOT NULL DEFAULT '0',
  `day_in_following_month` smallint(6) NOT NULL DEFAULT '0',
  `inactive` tinyint(1) NOT NULL DEFAULT '0',
  PRIMARY KEY (`terms_indicator`),
  UNIQUE KEY `terms` (`terms`)
) ENGINE=InnoDB AUTO_INCREMENT=5 ;

--
-- Dumping data for table `0_payment_terms`
--

INSERT INTO `0_payment_terms` VALUES (1, 'Due 15th Of the Following Month', 0, 17, 0);
INSERT INTO `0_payment_terms` VALUES (2, 'Due By End Of The Following Month', 0, 30, 0);
INSERT INTO `0_payment_terms` VALUES (3, 'Payment due within 10 days', 10, 0, 0);
INSERT INTO `0_payment_terms` VALUES (4, 'Cash Only', 0, 0, 0);

-- --------------------------------------------------------

--
-- Table structure for table `0_prices`
--

DROP TABLE IF EXISTS `0_prices`;
CREATE TABLE IF NOT EXISTS `0_prices` (
  `id` int(11) NOT NULL AUTO_INCREMENT,
  `stock_id` varchar(20) NOT NULL DEFAULT '',
  `sales_type_id` int(11) NOT NULL DEFAULT '0',
  `curr_abrev` char(3) NOT NULL DEFAULT '',
  `price` double NOT NULL DEFAULT '0',
  PRIMARY KEY (`id`),
  UNIQUE KEY `price` (`stock_id`,`sales_type_id`,`curr_abrev`)
) ENGINE=InnoDB AUTO_INCREMENT=4 ;

--
-- Dumping data for table `0_prices`
--

INSERT INTO `0_prices` VALUES
('1', '101', '1', 'USD', '300'),
('2', '102', '1', 'USD', '250'),
('3', '103', '1', 'USD', '50');

-- --------------------------------------------------------

--
-- Table structure for table `0_printers`
--

DROP TABLE IF EXISTS `0_printers`;
CREATE TABLE IF NOT EXISTS `0_printers` (
  `id` tinyint(3) unsigned NOT NULL AUTO_INCREMENT,
  `name` varchar(20) NOT NULL,
  `description` varchar(60) NOT NULL,
  `queue` varchar(20) NOT NULL,
  `host` varchar(40) NOT NULL,
  `port` smallint(11) unsigned NOT NULL,
  `timeout` tinyint(3) unsigned NOT NULL,
  PRIMARY KEY (`id`),
  UNIQUE KEY `name` (`name`)
) ENGINE=InnoDB AUTO_INCREMENT=4 ;

--
-- Dumping data for table `0_printers`
--

INSERT INTO `0_printers` VALUES (1, 'QL500', 'Label printer', 'QL500', 'server', 127, 20);
INSERT INTO `0_printers` VALUES (2, 'Samsung', 'Main network printer', 'scx4521F', 'server', 515, 5);
INSERT INTO `0_printers` VALUES (3, 'Local', 'Local print server at user IP', 'lp', '', 515, 10);

-- --------------------------------------------------------

--
-- Table structure for table `0_print_profiles`
--

DROP TABLE IF EXISTS `0_print_profiles`;
CREATE TABLE IF NOT EXISTS `0_print_profiles` (
  `id` smallint(6) unsigned NOT NULL AUTO_INCREMENT,
  `profile` varchar(30) NOT NULL,
  `report` varchar(5) DEFAULT NULL,
  `printer` tinyint(3) unsigned DEFAULT NULL,
  PRIMARY KEY (`id`),
  UNIQUE KEY `profile` (`profile`,`report`)
) ENGINE=InnoDB AUTO_INCREMENT=10 ;

--
-- Dumping data for table `0_print_profiles`
--

INSERT INTO `0_print_profiles` VALUES (1, 'Out of office', '', 0);
INSERT INTO `0_print_profiles` VALUES (2, 'Sales Department', '', 0);
INSERT INTO `0_print_profiles` VALUES (3, 'Central', '', 2);
INSERT INTO `0_print_profiles` VALUES (4, 'Sales Department', '104', 2);
INSERT INTO `0_print_profiles` VALUES (5, 'Sales Department', '105', 2);
INSERT INTO `0_print_profiles` VALUES (6, 'Sales Department', '107', 2);
INSERT INTO `0_print_profiles` VALUES (7, 'Sales Department', '109', 2);
INSERT INTO `0_print_profiles` VALUES (8, 'Sales Department', '110', 2);
INSERT INTO `0_print_profiles` VALUES (9, 'Sales Department', '201', 2);

-- --------------------------------------------------------

--
-- Table structure for table `0_purch_data`
--

DROP TABLE IF EXISTS `0_purch_data`;
CREATE TABLE IF NOT EXISTS `0_purch_data` (
  `supplier_id` int(11) NOT NULL DEFAULT '0',
  `stock_id` char(20) NOT NULL DEFAULT '',
  `price` double NOT NULL DEFAULT '0',
  `suppliers_uom` char(50) NOT NULL DEFAULT '',
  `conversion_factor` double NOT NULL DEFAULT '1',
  `supplier_description` char(50) NOT NULL DEFAULT '',
  PRIMARY KEY (`supplier_id`,`stock_id`)
) ENGINE=InnoDB;

--
-- Dumping data for table `0_purch_data`
--

INSERT INTO `0_purch_data` VALUES
('1', '101', '200', '', '1', 'iPad Air 2 16GB'),
('1', '102', '150', '', '1', 'iPhone 6 64GB'),
('1', '103', '10', '', '1', 'iPhone Cover Case');

-- --------------------------------------------------------

--
-- Table structure for table `0_purch_orders`
--

DROP TABLE IF EXISTS `0_purch_orders`;
CREATE TABLE IF NOT EXISTS `0_purch_orders` (
  `order_no` int(11) NOT NULL AUTO_INCREMENT,
  `supplier_id` int(11) NOT NULL DEFAULT '0',
  `comments` tinytext,
  `ord_date` date NOT NULL DEFAULT '0000-00-00',
  `reference` tinytext NOT NULL,
  `requisition_no` tinytext,
  `into_stock_location` varchar(5) NOT NULL DEFAULT '',
  `delivery_address` tinytext NOT NULL,
  `total` double NOT NULL DEFAULT '0',
  `prep_amount` double NOT NULL DEFAULT '0',
  `alloc` double NOT NULL DEFAULT '0',
  `tax_included` tinyint(1) NOT NULL DEFAULT '0',
  PRIMARY KEY (`order_no`),
  KEY `ord_date` (`ord_date`)
) ENGINE=InnoDB AUTO_INCREMENT=3 ;

--
-- Dumping data for table `0_purch_orders`
--

INSERT INTO `0_purch_orders` VALUES
('1', '1', NULL, '2016-05-05', '001/2016', NULL, 'DEF', 'N/A', '37800', '0', '0', '0'),
('2', '1', NULL, '2016-05-05', 'auto', 'rr4', 'DEF', 'N/A', '3150', '0', '0', '0');

-- --------------------------------------------------------

--
-- Table structure for table `0_purch_order_details`
--

DROP TABLE IF EXISTS `0_purch_order_details`;
CREATE TABLE IF NOT EXISTS `0_purch_order_details` (
  `po_detail_item` int(11) NOT NULL AUTO_INCREMENT,
  `order_no` int(11) NOT NULL DEFAULT '0',
  `item_code` varchar(20) NOT NULL DEFAULT '',
  `description` tinytext,
  `delivery_date` date NOT NULL DEFAULT '0000-00-00',
  `qty_invoiced` double NOT NULL DEFAULT '0',
  `unit_price` double NOT NULL DEFAULT '0',
  `act_price` double NOT NULL DEFAULT '0',
  `std_cost_unit` double NOT NULL DEFAULT '0',
  `quantity_ordered` double NOT NULL DEFAULT '0',
  `quantity_received` double NOT NULL DEFAULT '0',
  PRIMARY KEY (`po_detail_item`),
  KEY `order` (`order_no`,`po_detail_item`),
  KEY `itemcode` (`item_code`)
) ENGINE=InnoDB AUTO_INCREMENT=5 ;

--
-- Dumping data for table `0_purch_order_details`
--

INSERT INTO `0_purch_order_details` VALUES
('1', '1', '101', 'iPad Air 2 16GB', '2016-05-15', '0', '200', '200', '200', '100', '100'),
('2', '1', '102', 'iPhone 6 64GB', '2016-05-15', '0', '150', '150', '150', '100', '100'),
('3', '1', '103', 'iPhone Cover Case', '2016-05-15', '0', '10', '10', '10', '100', '100'),
('4', '2', '101', 'iPad Air 2 16GB', '2016-05-05', '15', '200', '200', '200', '15', '15');

-- --------------------------------------------------------

--
-- Table structure for table `0_quick_entries`
--

DROP TABLE IF EXISTS `0_quick_entries`;
CREATE TABLE IF NOT EXISTS `0_quick_entries` (
  `id` smallint(6) unsigned NOT NULL AUTO_INCREMENT,
  `type` tinyint(1) NOT NULL DEFAULT '0',
  `description` varchar(60) NOT NULL,
  `usage` varchar(120) NULL,
  `base_amount` double NOT NULL DEFAULT '0',
  `base_desc` varchar(60) DEFAULT NULL,
  `bal_type` tinyint(1) NOT NULL DEFAULT '0',
  PRIMARY KEY (`id`),
  KEY `description` (`description`)
) ENGINE=InnoDB AUTO_INCREMENT=4 ;

--
-- Dumping data for table `0_quick_entries`
--

INSERT INTO `0_quick_entries` VALUES (1, 1, 'Maintenance', NULL, 0, 'Amount', 0);
INSERT INTO `0_quick_entries` VALUES (2, 4, 'Phone', NULL, 0, 'Amount', 0);
INSERT INTO `0_quick_entries` VALUES (3, 2, 'Cash Sales', 'Retail sales without invoice', 0, 'Amount', 0);

-- --------------------------------------------------------

--
-- Table structure for table `0_quick_entry_lines`
--

DROP TABLE IF EXISTS `0_quick_entry_lines`;
CREATE TABLE IF NOT EXISTS `0_quick_entry_lines` (
  `id` smallint(6) unsigned NOT NULL AUTO_INCREMENT,
  `qid` smallint(6) unsigned NOT NULL,
  `amount` double DEFAULT '0',
  `memo` tinytext NOT NULL,
  `action` varchar(2) NOT NULL,
  `dest_id` varchar(15) NOT NULL DEFAULT '',
  `dimension_id` smallint(6) unsigned DEFAULT NULL,
  `dimension2_id` smallint(6) unsigned DEFAULT NULL,
  PRIMARY KEY (`id`),
  KEY `qid` (`qid`)
) ENGINE=InnoDB AUTO_INCREMENT=7 ;

--
-- Dumping data for table `0_quick_entry_lines`
--

INSERT INTO `0_quick_entry_lines` VALUES (1, 1, 0, '', 't-', '1', 0, 0);
INSERT INTO `0_quick_entry_lines` VALUES (2, 2, 0, '', 't-', '1', 0, 0);
INSERT INTO `0_quick_entry_lines` VALUES (3, 3, 0, '', 't-', '1', 0, 0);
INSERT INTO `0_quick_entry_lines` VALUES (4, 3, 0, '', '=', '4010', 0, 0);
INSERT INTO `0_quick_entry_lines` VALUES (5, 1, 0, '', '=', '5765', 0, 0);
INSERT INTO `0_quick_entry_lines` VALUES (6, 2, 0, '', '=', '5780', 0, 0);

-- --------------------------------------------------------

--
-- Table structure for table `0_recurrent_invoices`
--

DROP TABLE IF EXISTS `0_recurrent_invoices`;
CREATE TABLE IF NOT EXISTS `0_recurrent_invoices` (
  `id` smallint(6) unsigned NOT NULL AUTO_INCREMENT,
  `description` varchar(60) NOT NULL DEFAULT '',
  `order_no` int(11) unsigned NOT NULL,
  `debtor_no` int(11) unsigned DEFAULT NULL,
  `group_no` smallint(6) unsigned DEFAULT NULL,
  `days` int(11) NOT NULL DEFAULT '0',
  `monthly` int(11) NOT NULL DEFAULT '0',
  `begin` date NOT NULL DEFAULT '0000-00-00',
  `end` date NOT NULL DEFAULT '0000-00-00',
  `last_sent` date NOT NULL DEFAULT '0000-00-00',
  PRIMARY KEY (`id`),
  UNIQUE KEY `description` (`description`)
) ENGINE=InnoDB AUTO_INCREMENT=2 ;

--
-- Dumping data for table `0_recurrent_invoices`
--

INSERT INTO `0_recurrent_invoices` VALUES ('1', 'Weekly Maintenance', '6', '1', '1', '7', '0', '2016-04-01', '2020-05-07', '2016-04-08');

-- --------------------------------------------------------

--
-- Table structure for table `0_reflines`
--

DROP TABLE IF EXISTS `0_reflines`;

CREATE TABLE `0_reflines` (
  `id` int(11) NOT NULL AUTO_INCREMENT,
  `trans_type` int(11) NOT NULL,
  `prefix` char(5) NOT NULL DEFAULT '',
  `pattern` varchar(35) NOT NULL DEFAULT '1',
  `description` varchar(60) NOT NULL DEFAULT '',
  `default` tinyint(1) NOT NULL DEFAULT '0',
  `inactive` tinyint(1) NOT NULL DEFAULT '0',
  PRIMARY KEY (`id`),
  UNIQUE KEY `prefix` (`trans_type`, `prefix`)
) ENGINE=InnoDB AUTO_INCREMENT=23;

--
-- Dumping data for table `0_reflines`
--

INSERT INTO `0_reflines` VALUES
('1', '0', '', '{001}/{YYYY}', '', '1', '0'),
('2', '1', '', '{001}/{YYYY}', '', '1', '0'),
('3', '2', '', '{001}/{YYYY}', '', '1', '0'),
('4', '4', '', '{001}/{YYYY}', '', '1', '0'),
('5', '10', '', '{001}/{YYYY}', '', '1', '0'),
('6', '11', '', '{001}/{YYYY}', '', '1', '0'),
('7', '12', '', '{001}/{YYYY}', '', '1', '0'),
('8', '13', '', '{001}/{YYYY}', '', '1', '0'),
('9', '16', '', '{001}/{YYYY}', '', '1', '0'),
('10', '17', '', '{001}/{YYYY}', '', '1', '0'),
('11', '18', '', '{001}/{YYYY}', '', '1', '0'),
('12', '20', '', '{001}/{YYYY}', '', '1', '0'),
('13', '21', '', '{001}/{YYYY}', '', '1', '0'),
('14', '22', '', '{001}/{YYYY}', '', '1', '0'),
('15', '25', '', '{001}/{YYYY}', '', '1', '0'),
('16', '26', '', '{001}/{YYYY}', '', '1', '0'),
('17', '28', '', '{001}/{YYYY}', '', '1', '0'),
('18', '29', '', '{001}/{YYYY}', '', '1', '0'),
('19', '30', '', '{001}/{YYYY}', '', '1', '0'),
('20', '32', '', '{001}/{YYYY}', '', '1', '0'),
('21', '35', '', '{001}/{YYYY}', '', '1', '0'),
('22', '40', '', '{001}/{YYYY}', '', '1', '0');

-- --------------------------------------------------------

--
-- Table structure for table `0_refs`
--

DROP TABLE IF EXISTS `0_refs`;
CREATE TABLE IF NOT EXISTS `0_refs` (
  `id` int(11) NOT NULL DEFAULT '0',
  `type` int(11) NOT NULL DEFAULT '0',
  `reference` varchar(100) NOT NULL DEFAULT '',
  PRIMARY KEY (`id`,`type`),
  KEY `Type_and_Reference` (`type`,`reference`)
) ENGINE=InnoDB;

--
-- Dumping data for table `0_refs`
--

INSERT INTO `0_refs` VALUES
('1', '1', '001/2016'),
('1', '10', '001/2016'),
('2', '10', '002/2016'),
('3', '10', '003/2016'),
('4', '10', '004/2016'),
('1', '12', '001/2016'),
('2', '12', '002/2016'),
('3', '12', '003/2016'),
('1', '18', '001/2016'),
('1', '20', '001/2016'),
('1', '25', '001/2016'),
('1', '26', '001/2016'),
('2', '26', '002/2016'),
('3', '26', '003/2016'),
('3', '30', '001/2016'),
('4', '30', '002/2016'),
('6', '30', '003/2016'),
('1', '40', '001/2016');

-- --------------------------------------------------------

--
-- Table structure for table `0_salesman`
--

DROP TABLE IF EXISTS `0_salesman`;
CREATE TABLE IF NOT EXISTS `0_salesman` (
  `salesman_code` int(11) NOT NULL AUTO_INCREMENT,
  `salesman_name` char(60) NOT NULL DEFAULT '',
  `salesman_phone` char(30) NOT NULL DEFAULT '',
  `salesman_fax` char(30) NOT NULL DEFAULT '',
  `salesman_email` varchar(100) NOT NULL DEFAULT '',
  `provision` double NOT NULL DEFAULT '0',
  `break_pt` double NOT NULL DEFAULT '0',
  `provision2` double NOT NULL DEFAULT '0',
  `inactive` tinyint(1) NOT NULL DEFAULT '0',
  PRIMARY KEY (`salesman_code`),
  UNIQUE KEY `salesman_name` (`salesman_name`)
) ENGINE=InnoDB AUTO_INCREMENT=2 ;

--
-- Dumping data for table `0_salesman`
--

INSERT INTO `0_salesman` VALUES (1, 'Sales Person', '', '', '', 5, 1000, 4, 0);

-- --------------------------------------------------------

--
-- Table structure for table `0_sales_orders`
--

DROP TABLE IF EXISTS `0_sales_orders`;
CREATE TABLE IF NOT EXISTS `0_sales_orders` (
  `order_no` int(11) NOT NULL,
  `trans_type` smallint(6) NOT NULL DEFAULT '30',
  `version` tinyint(1) unsigned NOT NULL DEFAULT '0',
  `type` tinyint(1) NOT NULL DEFAULT '0',
  `debtor_no` int(11) NOT NULL DEFAULT '0',
  `branch_code` int(11) NOT NULL DEFAULT '0',
  `reference` varchar(100) NOT NULL DEFAULT '',
  `customer_ref` tinytext NOT NULL,
  `comments` tinytext,
  `ord_date` date NOT NULL DEFAULT '0000-00-00',
  `order_type` int(11) NOT NULL DEFAULT '0',
  `ship_via` int(11) NOT NULL DEFAULT '0',
  `delivery_address` tinytext NOT NULL,
  `contact_phone` varchar(30) DEFAULT NULL,
  `contact_email` varchar(100) DEFAULT NULL,
  `deliver_to` tinytext NOT NULL,
  `freight_cost` double NOT NULL DEFAULT '0',
  `from_stk_loc` varchar(5) NOT NULL DEFAULT '',
  `delivery_date` date NOT NULL DEFAULT '0000-00-00',
  `payment_terms` int(11) DEFAULT NULL,
  `total` double NOT NULL DEFAULT '0',
  `prep_amount` double NOT NULL DEFAULT '0',
  `alloc` double NOT NULL DEFAULT '0',
  PRIMARY KEY (`trans_type`,`order_no`)
) ENGINE=InnoDB;

--
-- Dumping data for table `0_sales_orders`
--

INSERT INTO `0_sales_orders` VALUES
('1', '30', '1', '0', '1', '1', 'auto', '', NULL, '2016-05-10', '1', '1', 'N/A', NULL, NULL, 'Donald Easter LLC', '0', 'DEF', '2016-05-05', '4', '6240', '0', '0'),
('2', '30', '1', '0', '1', '1', 'auto', '', NULL, '2016-05-07', '1', '1', 'N/A', NULL, NULL, 'Donald Easter LLC', '0', 'DEF', '2016-05-07', '4', '300', '0', '0'),
('3', '30', '0', '0', '1', '1', '001/2016', '', NULL, '2016-05-07', '1', '1', 'N/A', NULL, NULL, 'Donald Easter LLC', '0', 'DEF', '2016-05-08', '4', '300', '0', '0'),
('4', '30', '0', '0', '2', '2', '002/2016', '', NULL, '2016-05-07', '1', '1', 'N/A', NULL, NULL, 'MoneyMaker Ltd.', '0', 'DEF', '2016-05-08', '1', '267.14', '0', '0'),
('5', '30', '1', '0', '2', '2', 'auto', '', NULL, '2016-05-07', '1', '1', 'N/A', NULL, NULL, 'MoneyMaker Ltd.', '0', 'DEF', '2016-06-17', '1', '267.14', '0', '0'),
('6', '30', '0', '1', '1', '1', '003/2016', '', NULL, '2016-05-07', '1', '1', 'N/A', NULL, NULL, 'Donald Easter LLC', '0', 'DEF', '2016-05-08', '4', '450', '0', '0'),
('7', '30', '1', '0', '1', '1', 'auto', '', 'Recurrent Invoice covers period 04/01/2016 - 04/07/2016.', '2016-05-07', '1', '1', 'N/A', NULL, NULL, 'Donald Easter LLC', '0', 'DEF', '2016-05-07', '4', '0', '0', '0');

-- --------------------------------------------------------

--
-- Table structure for table `0_sales_order_details`
--

DROP TABLE IF EXISTS `0_sales_order_details`;
CREATE TABLE IF NOT EXISTS `0_sales_order_details` (
  `id` int(11) NOT NULL AUTO_INCREMENT,
  `order_no` int(11) NOT NULL DEFAULT '0',
  `trans_type` smallint(6) NOT NULL DEFAULT '30',
  `stk_code` varchar(20) NOT NULL DEFAULT '',
  `description` tinytext,
  `qty_sent` double NOT NULL DEFAULT '0',
  `unit_price` double NOT NULL DEFAULT '0',
  `quantity` double NOT NULL DEFAULT '0',
  `invoiced` double NOT NULL DEFAULT '0',
  `discount_percent` double NOT NULL DEFAULT '0',
  PRIMARY KEY (`id`),
  KEY `sorder` (`trans_type`,`order_no`),
  KEY `stkcode` (`stk_code`)
) ENGINE=InnoDB AUTO_INCREMENT=11 ;

--
-- Dumping data for table `0_sales_order_details`
--

INSERT INTO `0_sales_order_details` VALUES
('1', '1', '30', '101', 'iPad Air 2 16GB', '20', '300', '20', '0', '0'),
('2', '1', '30', '301', 'Support', '3', '80', '3', '0', '0'),
('3', '2', '30', '101', 'iPad Air 2 16GB', '1', '300', '1', '0', '0'),
('4', '3', '30', '102', 'iPhone 6 64GB', '0', '250', '1', '0', '0'),
('5', '3', '30', '103', 'iPhone Cover Case', '0', '50', '1', '0', '0'),
('6', '4', '30', '101', 'iPad Air 2 16GB', '0', '267.14', '1', '0', '0'),
('7', '5', '30', '102', 'iPhone 6 64GB', '1', '222.62', '1', '0', '0'),
('8', '5', '30', '103', 'iPhone Cover Case', '1', '44.52', '1', '0', '0'),
('9', '6', '30', '202', 'Maintenance', '0', '90', '5', '0', '0'),
('10', '7', '30', '202', 'Maintenance', '5', '0', '5', '0', '0');

-- --------------------------------------------------------

--
-- Table structure for table `0_sales_pos`
--

DROP TABLE IF EXISTS `0_sales_pos`;
CREATE TABLE IF NOT EXISTS `0_sales_pos` (
  `id` smallint(6) unsigned NOT NULL AUTO_INCREMENT,
  `pos_name` varchar(30) NOT NULL,
  `cash_sale` tinyint(1) NOT NULL,
  `credit_sale` tinyint(1) NOT NULL,
  `pos_location` varchar(5) NOT NULL,
  `pos_account` smallint(6) unsigned NOT NULL,
  `inactive` tinyint(1) NOT NULL DEFAULT '0',
  PRIMARY KEY (`id`),
  UNIQUE KEY `pos_name` (`pos_name`)
) ENGINE=InnoDB AUTO_INCREMENT=2 ;

--
-- Dumping data for table `0_sales_pos`
--

INSERT INTO `0_sales_pos` VALUES (1, 'Default', 1, 1, 'DEF', 2, 0);

-- --------------------------------------------------------

--
-- Table structure for table `0_sales_types`
--

DROP TABLE IF EXISTS `0_sales_types`;
CREATE TABLE IF NOT EXISTS `0_sales_types` (
  `id` int(11) NOT NULL AUTO_INCREMENT,
  `sales_type` char(50) NOT NULL DEFAULT '',
  `tax_included` int(1) NOT NULL DEFAULT '0',
  `factor` double NOT NULL DEFAULT '1',
  `inactive` tinyint(1) NOT NULL DEFAULT '0',
  PRIMARY KEY (`id`),
  UNIQUE KEY `sales_type` (`sales_type`)
) ENGINE=InnoDB AUTO_INCREMENT=3 ;

--
-- Dumping data for table `0_sales_types`
--

INSERT INTO `0_sales_types` VALUES (1, 'Retail', 1, 1, 0);
INSERT INTO `0_sales_types` VALUES (2, 'Wholesale', 0, 0.7, 0);

-- --------------------------------------------------------

--
-- Table structure for table `0_security_roles`
--

DROP TABLE IF EXISTS `0_security_roles`;
CREATE TABLE IF NOT EXISTS `0_security_roles` (
  `id` int(11) NOT NULL AUTO_INCREMENT,
  `role` varchar(30) NOT NULL,
  `description` varchar(50) DEFAULT NULL,
  `sections` text,
  `areas` text,
  `inactive` tinyint(1) NOT NULL DEFAULT '0',
  PRIMARY KEY (`id`),
  UNIQUE KEY `role` (`role`)
) ENGINE=InnoDB AUTO_INCREMENT=11 ;

--
-- Dumping data for table `0_security_roles`
--

INSERT INTO `0_security_roles` VALUES (1, 'Inquiries', 'Inquiries', '768;2816;3072;3328;5632;5888;8192;8448;10752;11008;13312;15872;16128', '257;258;259;260;513;514;515;516;517;518;519;520;521;522;523;524;525;773;774;2822;3073;3075;3076;3077;3329;3330;3331;3332;3333;3334;3335;5377;5633;5640;5889;5890;5891;7937;7938;7939;7940;8193;8194;8450;8451;10497;10753;11009;11010;11012;13313;13315;15617;15618;15619;15620;15621;15622;15623;15624;15625;15626;15873;15882;16129;16130;16131;16132;775', 0);
INSERT INTO `0_security_roles` VALUES (2, 'System Administrator', 'System Administrator', '256;512;768;2816;3072;3328;5376;5632;5888;7936;8192;8448;9472;9728;10496;10752;11008;13056;13312;15616;15872;16128', '257;258;259;260;513;514;515;516;517;518;519;520;521;522;523;524;525;526;769;770;771;772;773;774;2817;2818;2819;2820;2821;2822;2823;3073;3074;3082;3075;3076;3077;3078;3079;3080;3081;3329;3330;3331;3332;3333;3334;3335;5377;5633;5634;5635;5636;5637;5641;5638;5639;5640;5889;5890;5891;7937;7938;7939;7940;8193;8194;8195;8196;8197;8449;8450;8451;9217;9218;9220;9473;9474;9475;9476;9729;10497;10753;10754;10755;10756;10757;11009;11010;11011;11012;13057;13313;13314;13315;15617;15618;15619;15620;15621;15622;15623;15624;15628;15625;15626;15627;15873;15874;15875;15876;15877;15878;15879;15880;15883;15881;15882;16129;16130;16131;16132;775', 0);
INSERT INTO `0_security_roles` VALUES (3, 'Salesman', 'Salesman', '768;3072;5632;8192;15872', '773;774;3073;3075;3081;5633;8194;15873;775', 0);
INSERT INTO `0_security_roles` VALUES (4, 'Stock Manager', 'Stock Manager', '768;2816;3072;3328;5632;5888;8192;8448;10752;11008;13312;15872;16128', '2818;2822;3073;3076;3077;3329;3330;3330;3330;3331;3331;3332;3333;3334;3335;5633;5640;5889;5890;5891;8193;8194;8450;8451;10753;11009;11010;11012;13313;13315;15882;16129;16130;16131;16132;775', 0);
INSERT INTO `0_security_roles` VALUES (5, 'Production Manager', 'Production Manager', '512;768;2816;3072;3328;5632;5888;8192;8448;10752;11008;13312;15616;15872;16128', '521;523;524;2818;2819;2820;2821;2822;2823;3073;3074;3076;3077;3078;3079;3080;3081;3329;3330;3330;3330;3331;3331;3332;3333;3334;3335;5633;5640;5640;5889;5890;5891;8193;8194;8196;8197;8450;8451;10753;10755;11009;11010;11012;13313;13315;15617;15619;15620;15621;15624;15624;15876;15877;15880;15882;16129;16130;16131;16132;775', 0);
INSERT INTO `0_security_roles` VALUES (6, 'Purchase Officer', 'Purchase Officer', '512;768;2816;3072;3328;5376;5632;5888;8192;8448;10752;11008;13312;15616;15872;16128', '521;523;524;2818;2819;2820;2821;2822;2823;3073;3074;3076;3077;3078;3079;3080;3081;3329;3330;3330;3330;3331;3331;3332;3333;3334;3335;5377;5633;5635;5640;5640;5889;5890;5891;8193;8194;8196;8197;8449;8450;8451;10753;10755;11009;11010;11012;13313;13315;15617;15619;15620;15621;15624;15624;15876;15877;15880;15882;16129;16130;16131;16132;775', 0);
INSERT INTO `0_security_roles` VALUES (7, 'AR Officer', 'AR Officer', '512;768;2816;3072;3328;5632;5888;8192;8448;10752;11008;13312;15616;15872;16128', '521;523;524;771;773;774;2818;2819;2820;2821;2822;2823;3073;3073;3074;3075;3076;3077;3078;3079;3080;3081;3081;3329;3330;3330;3330;3331;3331;3332;3333;3334;3335;5633;5633;5634;5637;5638;5639;5640;5640;5889;5890;5891;8193;8194;8194;8196;8197;8450;8451;10753;10755;11009;11010;11012;13313;13315;15617;15619;15620;15621;15624;15624;15873;15876;15877;15878;15880;15882;16129;16130;16131;16132;775', 0);
INSERT INTO `0_security_roles` VALUES (8, 'AP Officer', 'AP Officer', '512;768;2816;3072;3328;5376;5632;5888;8192;8448;10752;11008;13312;15616;15872;16128', '257;258;259;260;521;523;524;769;770;771;772;773;774;2818;2819;2820;2821;2822;2823;3073;3074;3082;3076;3077;3078;3079;3080;3081;3329;3330;3331;3332;3333;3334;3335;5377;5633;5635;5640;5889;5890;5891;7937;7938;7939;7940;8193;8194;8196;8197;8449;8450;8451;10497;10753;10755;11009;11010;11012;13057;13313;13315;15617;15619;15620;15621;15624;15876;15877;15880;15882;16129;16130;16131;16132;775', 0);
INSERT INTO `0_security_roles` VALUES (9, 'Accountant', 'New Accountant', '512;768;2816;3072;3328;5376;5632;5888;8192;8448;10752;11008;13312;15616;15872;16128', '257;258;259;260;521;523;524;771;772;773;774;2818;2819;2820;2821;2822;2823;3073;3074;3075;3076;3077;3078;3079;3080;3081;3329;3330;3331;3332;3333;3334;3335;5377;5633;5634;5635;5637;5638;5639;5640;5889;5890;5891;7937;7938;7939;7940;8193;8194;8196;8197;8449;8450;8451;10497;10753;10755;11009;11010;11012;13313;13315;15617;15618;15619;15620;15621;15624;15873;15876;15877;15878;15880;15882;16129;16130;16131;16132;775', 0);
INSERT INTO `0_security_roles` VALUES (10, 'Sub Admin', 'Sub Admin', '512;768;2816;3072;3328;5376;5632;5888;8192;8448;10752;11008;13312;15616;15872;16128', '257;258;259;260;521;523;524;771;772;773;774;2818;2819;2820;2821;2822;2823;3073;3074;3082;3075;3076;3077;3078;3079;3080;3081;3329;3330;3331;3332;3333;3334;3335;5377;5633;5634;5635;5637;5638;5639;5640;5889;5890;5891;7937;7938;7939;7940;8193;8194;8196;8197;8449;8450;8451;10497;10753;10755;11009;11010;11012;13057;13313;13315;15617;15619;15620;15621;15624;15873;15874;15876;15877;15878;15879;15880;15882;16129;16130;16131;16132;775', 0);

-- --------------------------------------------------------

--
-- Table structure for table `0_shippers`
--

DROP TABLE IF EXISTS `0_shippers`;
CREATE TABLE IF NOT EXISTS `0_shippers` (
  `shipper_id` int(11) NOT NULL AUTO_INCREMENT,
  `shipper_name` varchar(60) NOT NULL DEFAULT '',
  `phone` varchar(30) NOT NULL DEFAULT '',
  `phone2` varchar(30) NOT NULL DEFAULT '',
  `contact` tinytext NOT NULL,
  `address` tinytext NOT NULL,
  `inactive` tinyint(1) NOT NULL DEFAULT '0',
  PRIMARY KEY (`shipper_id`),
  UNIQUE KEY `name` (`shipper_name`)
) ENGINE=InnoDB AUTO_INCREMENT=2 ;

--
-- Dumping data for table `0_shippers`
--

INSERT INTO `0_shippers` VALUES (1, 'Default', '', '', '', '', 0);

-- --------------------------------------------------------

--
-- Table structure for table `0_sql_trail`
--

DROP TABLE IF EXISTS `0_sql_trail`;
CREATE TABLE IF NOT EXISTS `0_sql_trail` (
  `id` int(11) unsigned NOT NULL AUTO_INCREMENT,
  `sql` text NOT NULL,
  `result` tinyint(1) NOT NULL,
  `msg` varchar(255) NOT NULL,
  PRIMARY KEY (`id`)
) ENGINE=InnoDB;

--
-- Dumping data for table `0_sql_trail`
--

-- --------------------------------------------------------

--
-- Table structure for table `0_stock_category`
--

DROP TABLE IF EXISTS `0_stock_category`;
CREATE TABLE IF NOT EXISTS `0_stock_category` (
  `category_id` int(11) NOT NULL AUTO_INCREMENT,
  `description` varchar(60) NOT NULL DEFAULT '',
  `dflt_tax_type` int(11) NOT NULL DEFAULT '1',
  `dflt_units` varchar(20) NOT NULL DEFAULT 'each',
  `dflt_mb_flag` char(1) NOT NULL DEFAULT 'B',
  `dflt_sales_act` varchar(15) NOT NULL DEFAULT '',
  `dflt_cogs_act` varchar(15) NOT NULL DEFAULT '',
  `dflt_inventory_act` varchar(15) NOT NULL DEFAULT '',
  `dflt_adjustment_act` varchar(15) NOT NULL DEFAULT '',
  `dflt_wip_act` varchar(15) NOT NULL DEFAULT '',
  `dflt_dim1` int(11) DEFAULT NULL,
  `dflt_dim2` int(11) DEFAULT NULL,
  `inactive` tinyint(1) NOT NULL DEFAULT '0',
  `dflt_no_sale` tinyint(1) NOT NULL DEFAULT '0',
  `dflt_no_purchase` tinyint(1) NOT NULL DEFAULT '0',
  PRIMARY KEY (`category_id`),
  UNIQUE KEY `description` (`description`)
) ENGINE=InnoDB AUTO_INCREMENT=5 ;

--
-- Dumping data for table `0_stock_category`
--

INSERT INTO `0_stock_category` VALUES (1, 'Components', 1, 'each', 'B', '4010', '5010', '1510', '5040', '1530', 0, 0, 0, 0, 0);
INSERT INTO `0_stock_category` VALUES (2, 'Charges', 1, 'each', 'D', '4010', '5010', '1510', '5040', '1530', 0, 0, 0, 0, 0);
INSERT INTO `0_stock_category` VALUES (3, 'Systems', 1, 'each', 'M', '4010', '5010', '1510', '5040', '1530', 0, 0, 0, 0, 0);
INSERT INTO `0_stock_category` VALUES (4, 'Services', 1, 'hr', 'D', '4010', '5010', '1510', '5040', '1530', 0, 0, 0, 0, 0);

-- --------------------------------------------------------

--
-- Structure of table `0_stock_fa_class` ###
--

DROP TABLE IF EXISTS `0_stock_fa_class`;
CREATE TABLE `0_stock_fa_class` (
  `fa_class_id` varchar(20) NOT NULL DEFAULT '',
  `parent_id` varchar(20) NOT NULL DEFAULT '',
  `description` varchar(200) NOT NULL DEFAULT '',
  `long_description` tinytext NOT NULL,
  `depreciation_rate` double NOT NULL DEFAULT '0',
  `inactive` tinyint(1) NOT NULL DEFAULT '0',
  PRIMARY KEY (`fa_class_id`)
) ENGINE=InnoDB;

-- --------------------------------------------------------

--
-- Table structure for table `0_stock_master`
--

DROP TABLE IF EXISTS `0_stock_master`;
CREATE TABLE IF NOT EXISTS `0_stock_master` (
  `stock_id` varchar(20) NOT NULL DEFAULT '',
  `category_id` int(11) NOT NULL DEFAULT '0',
  `tax_type_id` int(11) NOT NULL DEFAULT '0',
  `description` varchar(200) NOT NULL DEFAULT '',
  `long_description` tinytext NOT NULL,
  `units` varchar(20) NOT NULL DEFAULT 'each',
  `mb_flag` char(1) NOT NULL DEFAULT 'B',
  `sales_account` varchar(15) NOT NULL DEFAULT '',
  `cogs_account` varchar(15) NOT NULL DEFAULT '',
  `inventory_account` varchar(15) NOT NULL DEFAULT '',
  `adjustment_account` varchar(15) NOT NULL DEFAULT '',
  `wip_account` varchar(15) NOT NULL DEFAULT '',
  `dimension_id` int(11) DEFAULT NULL,
  `dimension2_id` int(11) DEFAULT NULL,
  `purchase_cost` double NOT NULL DEFAULT '0',
  `material_cost` double NOT NULL DEFAULT '0',
  `labour_cost` double NOT NULL DEFAULT '0',
  `overhead_cost` double NOT NULL DEFAULT '0',
  `inactive` tinyint(1) NOT NULL DEFAULT '0',
  `no_sale` tinyint(1) NOT NULL DEFAULT '0',
  `no_purchase` tinyint(1) NOT NULL DEFAULT '0',
  `editable` tinyint(1) NOT NULL DEFAULT '0',
  `depreciation_method` char(1) NOT NULL DEFAULT 'S',
  `depreciation_rate` double NOT NULL DEFAULT '0',
  `depreciation_factor` double NOT NULL DEFAULT '1',
  `depreciation_start` date NOT NULL DEFAULT '0000-00-00',
  `depreciation_date` date NOT NULL DEFAULT '0000-00-00',
  `fa_class_id` varchar(20) NOT NULL DEFAULT '',
  PRIMARY KEY (`stock_id`)
) ENGINE=InnoDB;

--
-- Dumping data for table `0_stock_master`
--

INSERT INTO `0_stock_master` VALUES
('101', '1', '1', 'iPad Air 2 16GB', '', 'each', 'B', '4010', '5010', '1510', '5040', '1530', '0', '0', '0', '200', '0', '0', '0', '0', '0', '0', 'S', '0', '1', '0000-00-00', '0000-00-00', ''),
('102', '1', '1', 'iPhone 6 64GB', '', 'each', 'B', '4010', '5010', '1510', '5040', '1530', '0', '0', '0', '150', '0', '0', '0', '0', '0', '0', 'S', '0', '1', '0000-00-00', '0000-00-00', ''),
('103', '1', '1', 'iPhone Cover Case', '', 'each', 'B', '4010', '5010', '1510', '5040', '1530', '0', '0',  '0', '10', '0', '0', '0', '0', '0', '0', 'S', '0', '1', '0000-00-00', '0000-00-00', ''),
('201', '3', '1', 'AP Surf Set', '', 'each', 'M', '4010', '5010', '1510', '5040', '1530', '0', '0', '0', '360', '0', '0', '0', '0', '0', '0', 'S', '0', '1', '0000-00-00', '0000-00-00', ''),
('202', '4', '1', 'Maintenance', '', 'hr', 'D', '4010', '5010', '1510', '5040', '1530', '0', '0', '0', '0', '0', '0', '0', '0', '0', '1', 'S', '0', '1', '0000-00-00', '0000-00-00', ''),
('301', '4', '1', 'Support', '', 'hr', 'D', '4010', '5010', '1510', '5040', '1530', '0', '0', '0', '0', '0', '0', '0', '0', '0', '0', 'S', '0', '1', '0000-00-00', '0000-00-00', '');

-- --------------------------------------------------------

--
-- Table structure for table `0_stock_moves`
--

DROP TABLE IF EXISTS `0_stock_moves`;
CREATE TABLE `0_stock_moves` (
  `trans_id` int(11) NOT NULL AUTO_INCREMENT,
  `trans_no` int(11) NOT NULL DEFAULT '0',
  `stock_id` char(20) NOT NULL DEFAULT '',
  `type` smallint(6) NOT NULL DEFAULT '0',
  `loc_code` char(5) NOT NULL DEFAULT '',
  `tran_date` date NOT NULL DEFAULT '0000-00-00',
  `price` double NOT NULL DEFAULT '0',
  `reference` char(40) NOT NULL DEFAULT '',
  `qty` double NOT NULL DEFAULT '1',
  `standard_cost` double NOT NULL DEFAULT '0',
  PRIMARY KEY (`trans_id`),
  KEY `type` (`type`,`trans_no`),
  KEY `Move` (`stock_id`,`loc_code`,`tran_date`)
) ENGINE=InnoDB AUTO_INCREMENT=16 ;

--
-- Dumping data for table `0_stock_moves`
--

INSERT INTO `0_stock_moves` VALUES
('1', '1', '101', '25', 'DEF', '2016-05-05', '200', '', '100', '200'),
('2', '1', '102', '25', 'DEF', '2016-05-05', '150', '', '100', '150'),
('3', '1', '103', '25', 'DEF', '2016-05-05', '10', '', '100', '10'),
('4', '1', '101', '13', 'DEF', '2016-05-10', '300', 'auto', '-20', '200'),
('5', '1', '301', '13', 'DEF', '2016-05-10', '80', 'auto', '-3', '0'),
('6', '1', '101', '26', 'DEF', '2016-05-05', '200', '001/2016', '-2', '200'),
('7', '1', '102', '26', 'DEF', '2016-05-05', '150', '001/2016', '-2', '150'),
('8', '1', '103', '26', 'DEF', '2016-05-05', '10', '001/2016', '-2', '10'),
('9', '1', '301', '26', 'DEF', '2016-05-05', '0', '001/2016', '-2', '0'),
('10', '1', '201', '26', 'DEF', '2016-05-05', '0', '001/2016', '2', '0'),
('11', '2', '101', '25', 'DEF', '2016-05-05', '200', '', '15', '200'),
('12', '2', '101', '13', 'DEF', '2016-05-07', '300', 'auto', '-1', '200'),
('13', '3', '102', '13', 'DEF', '2016-05-07', '222.62', 'auto', '-1', '150'),
('14', '3', '103', '13', 'DEF', '2016-05-07', '44.52', 'auto', '-1', '10'),
('15', '4', '202', '13', 'DEF', '2016-05-07', '0', 'auto', '-5', '0');

-- --------------------------------------------------------

--
-- Table structure for table `0_suppliers`
--

DROP TABLE IF EXISTS `0_suppliers`;
CREATE TABLE IF NOT EXISTS `0_suppliers` (
  `supplier_id` int(11) NOT NULL AUTO_INCREMENT,
  `supp_name` varchar(60) NOT NULL DEFAULT '',
  `supp_ref` varchar(30) NOT NULL DEFAULT '',
  `address` tinytext NOT NULL,
  `supp_address` tinytext NOT NULL,
  `gst_no` varchar(25) NOT NULL DEFAULT '',
  `contact` varchar(60) NOT NULL DEFAULT '',
  `supp_account_no` varchar(40) NOT NULL DEFAULT '',
  `website` varchar(100) NOT NULL DEFAULT '',
  `bank_account` varchar(60) NOT NULL DEFAULT '',
  `curr_code` char(3) DEFAULT NULL,
  `payment_terms` int(11) DEFAULT NULL,
  `tax_included` tinyint(1) NOT NULL DEFAULT '0',
  `dimension_id` int(11) DEFAULT '0',
  `dimension2_id` int(11) DEFAULT '0',
  `tax_group_id` int(11) DEFAULT NULL,
  `credit_limit` double NOT NULL DEFAULT '0',
  `purchase_account` varchar(15) NOT NULL DEFAULT '',
  `payable_account` varchar(15) NOT NULL DEFAULT '',
  `payment_discount_account` varchar(15) NOT NULL DEFAULT '',
  `notes` tinytext NOT NULL,
  `inactive` tinyint(1) NOT NULL DEFAULT '0',
  PRIMARY KEY (`supplier_id`),
  KEY `supp_ref` (`supp_ref`)
) ENGINE=InnoDB AUTO_INCREMENT=3 ;

--
-- Dumping data for table `0_suppliers`
--

INSERT INTO `0_suppliers` VALUES
('1', 'Dino Saurius Inc.', 'Dino Saurius', 'N/A', '', '987654321', '', '', '', '', 'USD', '3', '0', '0', '0', '1', '0', '', '2100', '5060', '', '0'),
('2', 'Beefeater Ltd.', 'Beefeater', 'N/A', '', '67565590', '', '', '', '', 'GBP', '4', '0', '0', '0', '1', '0', '', '2100', '5060', '', '0');

-- --------------------------------------------------------

--
-- Table structure for table `0_supp_allocations`
--

DROP TABLE IF EXISTS `0_supp_allocations`;
CREATE TABLE IF NOT EXISTS `0_supp_allocations` (
  `id` int(11) NOT NULL AUTO_INCREMENT,
  `person_id` int(11) DEFAULT NULL,
  `amt` double unsigned DEFAULT NULL,
  `date_alloc` date NOT NULL DEFAULT '0000-00-00',
  `trans_no_from` int(11) DEFAULT NULL,
  `trans_type_from` int(11) DEFAULT NULL,
  `trans_no_to` int(11) DEFAULT NULL,
  `trans_type_to` int(11) DEFAULT NULL,
  PRIMARY KEY (`id`),
  UNIQUE KEY `trans_type_from` (`person_id`,`trans_type_from`,`trans_no_from`,`trans_type_to`,`trans_no_to`),
  KEY `From` (`trans_type_from`,`trans_no_from`),
  KEY `To` (`trans_type_to`,`trans_no_to`)
) ENGINE=InnoDB;

--
-- Dumping data for table `0_supp_allocations`
--

-- --------------------------------------------------------

--
-- Table structure for table `0_supp_invoice_items`
--

DROP TABLE IF EXISTS `0_supp_invoice_items`;
CREATE TABLE IF NOT EXISTS `0_supp_invoice_items` (
  `id` int(11) NOT NULL AUTO_INCREMENT,
  `supp_trans_no` int(11) DEFAULT NULL,
  `supp_trans_type` int(11) DEFAULT NULL,
  `gl_code` varchar(15) NOT NULL DEFAULT '',
  `grn_item_id` int(11) DEFAULT NULL,
  `po_detail_item_id` int(11) DEFAULT NULL,
  `stock_id` varchar(20) NOT NULL DEFAULT '',
  `description` tinytext,
  `quantity` double NOT NULL DEFAULT '0',
  `unit_price` double NOT NULL DEFAULT '0',
  `unit_tax` double NOT NULL DEFAULT '0',
  `memo_` tinytext,
  `dimension_id` int(11) NOT NULL DEFAULT '0',
  `dimension2_id` int(11) NOT NULL DEFAULT '0',
  PRIMARY KEY (`id`),
  KEY `Transaction` (`supp_trans_type`,`supp_trans_no`,`stock_id`)
) ENGINE=InnoDB AUTO_INCREMENT=2 ;

--
-- Dumping data for table `0_supp_invoice_items`
--

INSERT INTO `0_supp_invoice_items` VALUES ('1', '1', '20', '0', '4', '4', '101', 'iPad Air 2 16GB', '15', '200', '10', NULL, '0', '0');

-- --------------------------------------------------------

--
-- Table structure for table `0_supp_trans`
--

DROP TABLE IF EXISTS `0_supp_trans`;
CREATE TABLE IF NOT EXISTS `0_supp_trans` (
  `trans_no` int(11) unsigned NOT NULL DEFAULT '0',
  `type` smallint(6) unsigned NOT NULL DEFAULT '0',
  `supplier_id` int(11) unsigned NOT NULL,
  `reference` tinytext NOT NULL,
  `supp_reference` varchar(60) NOT NULL DEFAULT '',
  `tran_date` date NOT NULL DEFAULT '0000-00-00',
  `due_date` date NOT NULL DEFAULT '0000-00-00',
  `ov_amount` double NOT NULL DEFAULT '0',
  `ov_discount` double NOT NULL DEFAULT '0',
  `ov_gst` double NOT NULL DEFAULT '0',
  `rate` double NOT NULL DEFAULT '1',
  `alloc` double NOT NULL DEFAULT '0',
  `tax_included` tinyint(1) NOT NULL DEFAULT '0',
  PRIMARY KEY (`type`,`trans_no`,`supplier_id`),
  KEY `supplier_id` (`supplier_id`),
  KEY `tran_date` (`tran_date`)
) ENGINE=InnoDB;

--
-- Dumping data for table `0_supp_trans`
--


INSERT INTO `0_supp_trans` VALUES ('1', '20', '1', '001/2016', 'rr4', '2016-05-05', '2016-05-15', '3000', '0', '150', '1', '0', '0');

-- --------------------------------------------------------

--
-- Table structure for table `0_sys_prefs`
--

DROP TABLE IF EXISTS `0_sys_prefs`;
CREATE TABLE IF NOT EXISTS `0_sys_prefs` (
  `name` varchar(35) NOT NULL DEFAULT '',
  `category` varchar(30) DEFAULT NULL,
  `type` varchar(20) NOT NULL DEFAULT '',
  `length` smallint(6) DEFAULT NULL,
  `value` text NOT NULL DEFAULT '',
  PRIMARY KEY (`name`),
  KEY `category` (`category`)
) ENGINE=InnoDB;

--
-- Dumping data for table `0_sys_prefs`
--

INSERT INTO `0_sys_prefs` VALUES ('coy_name', 'setup.company', 'varchar', 60, 'Training Co');
INSERT INTO `0_sys_prefs` VALUES ('gst_no', 'setup.company', 'varchar', 25, '33445566');
INSERT INTO `0_sys_prefs` VALUES ('coy_no', 'setup.company', 'varchar', 25, '');
INSERT INTO `0_sys_prefs` VALUES ('tax_prd', 'setup.company', 'int', 11, '1');
INSERT INTO `0_sys_prefs` VALUES ('tax_last', 'setup.company', 'int', 11, '1');
INSERT INTO `0_sys_prefs` VALUES ('postal_address', 'setup.company', 'tinytext', 0, 'N/A');
INSERT INTO `0_sys_prefs` VALUES ('phone', 'setup.company', 'varchar', 30, '');
INSERT INTO `0_sys_prefs` VALUES ('fax', 'setup.company', 'varchar', 30, '');
INSERT INTO `0_sys_prefs` VALUES ('email', 'setup.company', 'varchar', 100, 'delta@delta.com');
INSERT INTO `0_sys_prefs` VALUES ('coy_logo', 'setup.company', 'varchar', 100, 'logo_frontaccounting.jpg');
INSERT INTO `0_sys_prefs` VALUES ('domicile', 'setup.company', 'varchar', 55, '');
INSERT INTO `0_sys_prefs` VALUES ('curr_default', 'setup.company', 'char', 3, 'USD');
INSERT INTO `0_sys_prefs` VALUES ('use_dimension', 'setup.company', 'tinyint', 1, '1');
INSERT INTO `0_sys_prefs` VALUES ('f_year', 'setup.company', 'int', 11, '1');
INSERT INTO `0_sys_prefs` VALUES ('shortname_name_in_list','setup.company', 'tinyint', 1, '0');
INSERT INTO `0_sys_prefs` VALUES ('no_item_list', 'setup.company', 'tinyint', 1, '0');
INSERT INTO `0_sys_prefs` VALUES ('no_customer_list', 'setup.company', 'tinyint', 1, '0');
INSERT INTO `0_sys_prefs` VALUES ('no_supplier_list', 'setup.company', 'tinyint', 1, '0');
INSERT INTO `0_sys_prefs` VALUES ('base_sales', 'setup.company', 'int', 11, '1');
INSERT INTO `0_sys_prefs` VALUES ('time_zone', 'setup.company', 'tinyint', 1, '0');
INSERT INTO `0_sys_prefs` VALUES ('add_pct', 'setup.company', 'int', 5, '-1');
INSERT INTO `0_sys_prefs` VALUES ('round_to', 'setup.company', 'int', 5, '1');
INSERT INTO `0_sys_prefs` VALUES ('login_tout', 'setup.company', 'smallint', 6, '600');
INSERT INTO `0_sys_prefs` VALUES ('past_due_days', 'glsetup.general', 'int', 11, '30');
INSERT INTO `0_sys_prefs` VALUES ('profit_loss_year_act', 'glsetup.general', 'varchar', 15, '9990');
INSERT INTO `0_sys_prefs` VALUES ('retained_earnings_act', 'glsetup.general', 'varchar', 15, '3590');
INSERT INTO `0_sys_prefs` VALUES ('bank_charge_act', 'glsetup.general', 'varchar', 15, '5690');
INSERT INTO `0_sys_prefs` VALUES ('exchange_diff_act', 'glsetup.general', 'varchar', 15, '4450');
INSERT INTO `0_sys_prefs` VALUES ('tax_algorithm', 'glsetup.customer', 'tinyint', 1, '1');
INSERT INTO `0_sys_prefs` VALUES ('default_credit_limit', 'glsetup.customer', 'int', 11, '1000');
INSERT INTO `0_sys_prefs` VALUES ('accumulate_shipping', 'glsetup.customer', 'tinyint', 1, '0');
INSERT INTO `0_sys_prefs` VALUES ('legal_text', 'glsetup.customer', 'tinytext', 0, '');
INSERT INTO `0_sys_prefs` VALUES ('freight_act', 'glsetup.customer', 'varchar', 15, '4430');
INSERT INTO `0_sys_prefs` VALUES ('debtors_act', 'glsetup.sales', 'varchar', 15, '1200');
INSERT INTO `0_sys_prefs` VALUES ('default_sales_act', 'glsetup.sales', 'varchar', 15, '4010');
INSERT INTO `0_sys_prefs` VALUES ('default_sales_discount_act', 'glsetup.sales', 'varchar', 15, '4510');
INSERT INTO `0_sys_prefs` VALUES ('default_prompt_payment_act', 'glsetup.sales', 'varchar', 15, '4500');
INSERT INTO `0_sys_prefs` VALUES ('default_delivery_required', 'glsetup.sales', 'smallint', 6, '1');
INSERT INTO `0_sys_prefs` VALUES ('default_receival_required', 'glsetup.purchase', 'smallint', 6, '10');
INSERT INTO `0_sys_prefs` VALUES ('default_quote_valid_days', 'glsetup.sales', 'smallint', 6, '30');
INSERT INTO `0_sys_prefs` VALUES ('default_dim_required', 'glsetup.dims', 'int', 11, '20');
INSERT INTO `0_sys_prefs` VALUES ('pyt_discount_act', 'glsetup.purchase', 'varchar', 15, '5060');
INSERT INTO `0_sys_prefs` VALUES ('creditors_act', 'glsetup.purchase', 'varchar', 15, '2100');
INSERT INTO `0_sys_prefs` VALUES ('po_over_receive', 'glsetup.purchase', 'int', 11, '10');
INSERT INTO `0_sys_prefs` VALUES ('po_over_charge', 'glsetup.purchase', 'int', 11, '10');
INSERT INTO `0_sys_prefs` VALUES ('allow_negative_stock', 'glsetup.inventory', 'tinyint', 1, '0');
INSERT INTO `0_sys_prefs` VALUES ('default_inventory_act', 'glsetup.items', 'varchar', 15, '1510');
INSERT INTO `0_sys_prefs` VALUES ('default_cogs_act', 'glsetup.items', 'varchar', 15, '5010');
INSERT INTO `0_sys_prefs` VALUES ('default_adj_act', 'glsetup.items', 'varchar', 15, '5040');
INSERT INTO `0_sys_prefs` VALUES ('default_inv_sales_act', 'glsetup.items', 'varchar', 15, '4010');
INSERT INTO `0_sys_prefs` VALUES ('default_wip_act', 'glsetup.items', 'varchar', 15, '1530');
INSERT INTO `0_sys_prefs` VALUES ('default_workorder_required', 'glsetup.manuf', 'int', 11, '20');
INSERT INTO `0_sys_prefs` VALUES ('version_id', 'system', 'varchar', 11, '2.4.1');
INSERT INTO `0_sys_prefs` VALUES ('auto_curr_reval', 'setup.company', 'smallint', 6, '1');
INSERT INTO `0_sys_prefs` VALUES ('grn_clearing_act', 'glsetup.purchase', 'varchar', 15, '1550');
INSERT INTO `0_sys_prefs` VALUES ('bcc_email', 'setup.company', 'varchar', 100, '');
INSERT INTO `0_sys_prefs` VALUES ('deferred_income_act', 'glsetup.sales', 'varchar', '15', '');
INSERT INTO `0_sys_prefs` VALUES ('gl_closing_date','setup.closing_date', 'date', 8, '');
INSERT INTO `0_sys_prefs` VALUES ('alternative_tax_include_on_docs','setup.company', 'tinyint', 1, '0');
INSERT INTO `0_sys_prefs` VALUES ('no_zero_lines_amount','glsetup.sales', 'tinyint', 1, '1');
INSERT INTO `0_sys_prefs` VALUES ('show_po_item_codes','glsetup.purchase', 'tinyint', 1, '0');
INSERT INTO `0_sys_prefs` VALUES ('accounts_alpha','glsetup.general', 'tinyint', 1, '0');
INSERT INTO `0_sys_prefs` VALUES ('loc_notification','glsetup.inventory', 'tinyint', 1, '0');
INSERT INTO `0_sys_prefs` VALUES ('print_invoice_no','glsetup.sales', 'tinyint', 1, '0');
INSERT INTO `0_sys_prefs` VALUES ('allow_negative_prices','glsetup.inventory', 'tinyint', 1, '1');
INSERT INTO `0_sys_prefs` VALUES ('print_item_images_on_quote','glsetup.inventory', 'tinyint', 1, '0');
INSERT INTO `0_sys_prefs` VALUES ('suppress_tax_rates','setup.company', 'tinyint', 1, '0');
INSERT INTO `0_sys_prefs` VALUES ('company_logo_report','setup.company', 'tinyint', 1, '0');
INSERT INTO `0_sys_prefs` VALUES ('default_loss_on_asset_disposal_act', 'glsetup.items', 'varchar', '15', '5660');
INSERT INTO `0_sys_prefs` VALUES ('depreciation_period', 'glsetup.company', 'tinyint', '1', '1');
INSERT INTO `0_sys_prefs` VALUES ('use_manufacturing','setup.company', 'tinyint', 1, '1');
INSERT INTO `0_sys_prefs` VALUES ('use_fixed_assets','setup.company', 'tinyint', 1, '1');


-- --------------------------------------------------------

--
-- Table structure for table `0_tags`
--

DROP TABLE IF EXISTS `0_tags`;
CREATE TABLE IF NOT EXISTS `0_tags` (
  `id` int(11) NOT NULL AUTO_INCREMENT,
  `type` smallint(6) NOT NULL,
  `name` varchar(30) NOT NULL,
  `description` varchar(60) DEFAULT NULL,
  `inactive` tinyint(1) NOT NULL DEFAULT '0',
  PRIMARY KEY (`id`),
  UNIQUE KEY `type` (`type`,`name`)
) ENGINE=InnoDB;

--
-- Dumping data for table `0_tags`
--

-- --------------------------------------------------------

--
-- Table structure for table `0_tag_associations`
--

DROP TABLE IF EXISTS `0_tag_associations`;
CREATE TABLE IF NOT EXISTS `0_tag_associations` (
  `record_id` varchar(15) NOT NULL,
  `tag_id` int(11) NOT NULL,
  UNIQUE KEY `record_id` (`record_id`,`tag_id`)
) ENGINE=InnoDB;

--
-- Dumping data for table `0_tag_associations`
--

-- --------------------------------------------------------

--
-- Table structure for table `0_tax_groups`
--

DROP TABLE IF EXISTS `0_tax_groups`;
CREATE TABLE IF NOT EXISTS `0_tax_groups` (
  `id` int(11) NOT NULL AUTO_INCREMENT,
  `name` varchar(60) NOT NULL DEFAULT '',
  `inactive` tinyint(1) NOT NULL DEFAULT '0',
  PRIMARY KEY (`id`),
  UNIQUE KEY `name` (`name`)
) ENGINE=InnoDB AUTO_INCREMENT=3 ;

--
-- Dumping data for table `0_tax_groups`
--

INSERT INTO `0_tax_groups` VALUES (1, 'Tax', 0);
INSERT INTO `0_tax_groups` VALUES (2, 'Tax Exempt', 0);

-- --------------------------------------------------------

--
-- Table structure for table `0_tax_group_items`
--

DROP TABLE IF EXISTS `0_tax_group_items`;
CREATE TABLE IF NOT EXISTS `0_tax_group_items` (
  `tax_group_id` int(11) NOT NULL DEFAULT '0',
  `tax_type_id` int(11) NOT NULL DEFAULT '0',
  `tax_shipping` tinyint(1) NOT NULL DEFAULT '0',
  PRIMARY KEY (`tax_group_id`,`tax_type_id`)
) ENGINE=InnoDB;

--
-- Dumping data for table `0_tax_group_items`
--

INSERT INTO `0_tax_group_items` VALUES (1, 1, 1);

-- --------------------------------------------------------

--
-- Table structure for table `0_tax_types`
--

DROP TABLE IF EXISTS `0_tax_types`;
CREATE TABLE IF NOT EXISTS `0_tax_types` (
  `id` int(11) NOT NULL AUTO_INCREMENT,
  `rate` double NOT NULL DEFAULT '0',
  `sales_gl_code` varchar(15) NOT NULL DEFAULT '',
  `purchasing_gl_code` varchar(15) NOT NULL DEFAULT '',
  `name` varchar(60) NOT NULL DEFAULT '',
  `inactive` tinyint(1) NOT NULL DEFAULT '0',
  PRIMARY KEY (`id`)
) ENGINE=InnoDB AUTO_INCREMENT=2 ;

--
-- Dumping data for table `0_tax_types`
--

INSERT INTO `0_tax_types` VALUES (1, 5, '2150', '2150', 'Tax', 0);

-- --------------------------------------------------------

--
-- Table structure for table `0_trans_tax_details`
--

DROP TABLE IF EXISTS `0_trans_tax_details`;
CREATE TABLE IF NOT EXISTS `0_trans_tax_details` (
  `id` int(11) NOT NULL AUTO_INCREMENT,
  `trans_type` smallint(6) DEFAULT NULL,
  `trans_no` int(11) DEFAULT NULL,
  `tran_date` date NOT NULL,
  `tax_type_id` int(11) NOT NULL DEFAULT '0',
  `rate` double NOT NULL DEFAULT '0',
  `ex_rate` double NOT NULL DEFAULT '1',
  `included_in_price` tinyint(1) NOT NULL DEFAULT '0',
  `net_amount` double NOT NULL DEFAULT '0',
  `amount` double NOT NULL DEFAULT '0',
  `memo` tinytext,
  `reg_type` tinyint(1) DEFAULT NULL,
  PRIMARY KEY (`id`),
  KEY `Type_and_Number` (`trans_type`,`trans_no`),
  KEY `tran_date` (`tran_date`)
) ENGINE=InnoDB AUTO_INCREMENT=8 ;

--
-- Dumping data for table `0_trans_tax_details`
--

INSERT INTO `0_trans_tax_details` VALUES
('1', '13', '1', '2016-05-10', '1', '5', '1', '1', '5942.86', '297.14', 'auto', NULL),
('2', '10', '1', '2016-05-10', '1', '5', '1', '1', '5942.86', '297.14', '001/2016', '0'),
('3', '20', '1', '2016-05-05', '1', '5', '1', '0', '3000', '150', 'rr4', '1'),
('4', '13', '2', '2016-05-07', '1', '5', '1', '1', '285.71', '14.29', 'auto', NULL),
('5', '10', '2', '2016-05-07', '1', '5', '1', '1', '285.71', '14.29', '002/2016', '0'),
('6', '13', '3', '2016-05-07', '0', '0', '1.123', '1', '267.14', '0', 'auto', NULL),
('7', '10', '3', '2016-05-07', '0', '0', '1.123', '1', '267.14', '0', '003/2016', '0');

-- --------------------------------------------------------

--
-- Table structure for table `0_useronline`
--

DROP TABLE IF EXISTS `0_useronline`;
CREATE TABLE IF NOT EXISTS `0_useronline` (
  `id` int(11) NOT NULL AUTO_INCREMENT,
  `timestamp` int(15) NOT NULL DEFAULT '0',
  `ip` varchar(40) NOT NULL DEFAULT '',
  `file` varchar(100) NOT NULL DEFAULT '',
  PRIMARY KEY (`id`),
  KEY `timestamp` (`timestamp`),
  KEY `ip` (`ip`)
) ENGINE=InnoDB;

--
-- Dumping data for table `0_useronline`
--

-- --------------------------------------------------------

--
-- Table structure for table `0_users`
--

DROP TABLE IF EXISTS `0_users`;
CREATE TABLE IF NOT EXISTS `0_users` (
  `id` smallint(6) NOT NULL AUTO_INCREMENT,
  `user_id` varchar(60) NOT NULL DEFAULT '',
  `password` varchar(100) NOT NULL DEFAULT '',
  `real_name` varchar(100) NOT NULL DEFAULT '',
  `role_id` int(11) NOT NULL DEFAULT '1',
  `phone` varchar(30) NOT NULL DEFAULT '',
  `email` varchar(100) DEFAULT NULL,
  `language` varchar(20) DEFAULT NULL,
  `date_format` tinyint(1) NOT NULL DEFAULT '0',
  `date_sep` tinyint(1) NOT NULL DEFAULT '0',
  `tho_sep` tinyint(1) NOT NULL DEFAULT '0',
  `dec_sep` tinyint(1) NOT NULL DEFAULT '0',
  `theme` varchar(20) NOT NULL DEFAULT 'default',
  `page_size` varchar(20) NOT NULL DEFAULT 'A4',
  `prices_dec` smallint(6) NOT NULL DEFAULT '2',
  `qty_dec` smallint(6) NOT NULL DEFAULT '2',
  `rates_dec` smallint(6) NOT NULL DEFAULT '4',
  `percent_dec` smallint(6) NOT NULL DEFAULT '1',
  `show_gl` tinyint(1) NOT NULL DEFAULT '1',
  `show_codes` tinyint(1) NOT NULL DEFAULT '0',
  `show_hints` tinyint(1) NOT NULL DEFAULT '0',
  `last_visit_date` datetime DEFAULT NULL,
  `query_size` tinyint(1) unsigned NOT NULL DEFAULT '10',
  `graphic_links` tinyint(1) DEFAULT '1',
  `pos` smallint(6) DEFAULT '1',
  `print_profile` varchar(30) NOT NULL DEFAULT '',
  `rep_popup` tinyint(1) DEFAULT '1',
  `sticky_doc_date` tinyint(1) DEFAULT '0',
  `startup_tab` varchar(20) NOT NULL DEFAULT '',
  `transaction_days` smallint(6) NOT NULL DEFAULT '30',
  `save_report_selections` smallint(6) NOT NULL DEFAULT '0',
  `use_date_picker` tinyint(1) NOT NULL DEFAULT '1',
  `def_print_destination` tinyint(1) NOT NULL DEFAULT '0',
  `def_print_orientation` tinyint(1) NOT NULL DEFAULT '0',
  `inactive` tinyint(1) NOT NULL DEFAULT '0',
  PRIMARY KEY (`id`),
  UNIQUE KEY `user_id` (`user_id`)
) ENGINE=InnoDB AUTO_INCREMENT=2 ;

--
-- Dumping data for table `0_users`
--

INSERT INTO `0_users` VALUES (1, 'admin', '5f4dcc3b5aa765d61d8327deb882cf99', 'Administrator', 2, '', 'adm@example.com', 'C', 0, 0, 0, 0, 'default', 'Letter', 2, 2, 4, 1, 1, 0, 0, '2016-05-07 13:58:33', 10, 1, 1, '1', 1, 0, 'orders', 30, 0, 1, 0, 0, 0);

-- --------------------------------------------------------

--
-- Table structure for table `0_voided`
--

DROP TABLE IF EXISTS `0_voided`;
CREATE TABLE IF NOT EXISTS `0_voided` (
  `type` int(11) NOT NULL DEFAULT '0',
  `id` int(11) NOT NULL DEFAULT '0',
  `date_` date NOT NULL DEFAULT '0000-00-00',
  `memo_` tinytext NOT NULL,
  UNIQUE KEY `id` (`type`,`id`)
) ENGINE=InnoDB;

--
-- Dumping data for table `0_voided`
--

-- --------------------------------------------------------

--
-- Table structure for table `0_workcentres`
--

DROP TABLE IF EXISTS `0_workcentres`;
CREATE TABLE IF NOT EXISTS `0_workcentres` (
  `id` int(11) NOT NULL AUTO_INCREMENT,
  `name` char(40) NOT NULL DEFAULT '',
  `description` char(50) NOT NULL DEFAULT '',
  `inactive` tinyint(1) NOT NULL DEFAULT '0',
  PRIMARY KEY (`id`),
  UNIQUE KEY `name` (`name`)
) ENGINE=InnoDB AUTO_INCREMENT=2 ;

--
-- Dumping data for table `0_workcentres`
--

INSERT INTO `0_workcentres` VALUES ('1', 'Work Centre', '', '0');

-- --------------------------------------------------------

--
-- Table structure for table `0_workorders`
--

DROP TABLE IF EXISTS `0_workorders`;
CREATE TABLE IF NOT EXISTS `0_workorders` (
  `id` int(11) NOT NULL AUTO_INCREMENT,
  `wo_ref` varchar(60) NOT NULL DEFAULT '',
  `loc_code` varchar(5) NOT NULL DEFAULT '',
  `units_reqd` double NOT NULL DEFAULT '1',
  `stock_id` varchar(20) NOT NULL DEFAULT '',
  `date_` date NOT NULL DEFAULT '0000-00-00',
  `type` tinyint(4) NOT NULL DEFAULT '0',
  `required_by` date NOT NULL DEFAULT '0000-00-00',
  `released_date` date NOT NULL DEFAULT '0000-00-00',
  `units_issued` double NOT NULL DEFAULT '0',
  `closed` tinyint(1) NOT NULL DEFAULT '0',
  `released` tinyint(1) NOT NULL DEFAULT '0',
  `additional_costs` double NOT NULL DEFAULT '0',
  PRIMARY KEY (`id`),
  UNIQUE KEY `wo_ref` (`wo_ref`)
) ENGINE=InnoDB AUTO_INCREMENT=4 ;

--
-- Dumping data for table `0_workorders`
--

INSERT INTO `0_workorders` VALUES
('1', '001/2016', 'DEF', '2', '201', '2016-05-05', '0', '2016-05-05', '2016-05-05', '2', '1', '1', '0'),
('2', '002/2016', 'DEF', '5', '201', '2016-05-07', '2', '2016-05-27', '2016-05-07', '0', '0', '1', '0'),
('3', '003/2016', 'DEF', '5', '201', '2016-05-07', '2', '2016-05-27', '0000-00-00', '0', '0', '0', '0');

-- --------------------------------------------------------

--
-- Table structure for table `0_wo_costing`
--

DROP TABLE IF EXISTS `0_wo_costing`;
CREATE TABLE `0_wo_costing` (
  `id` int(11) NOT NULL AUTO_INCREMENT,
  `workorder_id` int(11) NOT NULL DEFAULT '0',
  `cost_type` tinyint(1) NOT NULL DEFAULT '0',
  `trans_type` int(11) NOT NULL DEFAULT '0',
  `trans_no` int(11) NOT NULL DEFAULT '0',
  `factor` double NOT NULL DEFAULT '1',
  PRIMARY KEY (`id`)
) ENGINE=InnoDB;

--
-- Dumping data for table `0_wo_costing`
--

-- --------------------------------------------------------

--
-- Table structure for table `0_wo_issues`
--

DROP TABLE IF EXISTS `0_wo_issues`;
CREATE TABLE IF NOT EXISTS `0_wo_issues` (
  `issue_no` int(11) NOT NULL AUTO_INCREMENT,
  `workorder_id` int(11) NOT NULL DEFAULT '0',
  `reference` varchar(100) DEFAULT NULL,
  `issue_date` date DEFAULT NULL,
  `loc_code` varchar(5) DEFAULT NULL,
  `workcentre_id` int(11) DEFAULT NULL,
  PRIMARY KEY (`issue_no`),
  KEY `workorder_id` (`workorder_id`)
) ENGINE=InnoDB;

--
-- Dumping data for table `0_wo_issues`
--

-- --------------------------------------------------------

--
-- Table structure for table `0_wo_issue_items`
--

DROP TABLE IF EXISTS `0_wo_issue_items`;
CREATE TABLE IF NOT EXISTS `0_wo_issue_items` (
  `id` int(11) NOT NULL AUTO_INCREMENT,
  `stock_id` varchar(40) DEFAULT NULL,
  `issue_id` int(11) DEFAULT NULL,
  `qty_issued` double DEFAULT NULL,
  `unit_cost` double NOT NULL default '0',
  PRIMARY KEY (`id`)
) ENGINE=InnoDB;

--
-- Dumping data for table `0_wo_issue_items`
--

-- --------------------------------------------------------

--
-- Table structure for table `0_wo_manufacture`
--

DROP TABLE IF EXISTS `0_wo_manufacture`;
CREATE TABLE IF NOT EXISTS `0_wo_manufacture` (
  `id` int(11) NOT NULL AUTO_INCREMENT,
  `reference` varchar(100) DEFAULT NULL,
  `workorder_id` int(11) NOT NULL DEFAULT '0',
  `quantity` double NOT NULL DEFAULT '0',
  `date_` date NOT NULL DEFAULT '0000-00-00',
  PRIMARY KEY (`id`),
  KEY `workorder_id` (`workorder_id`)
) ENGINE=InnoDB;

--
-- Dumping data for table `0_wo_manufacture`
--

-- --------------------------------------------------------

--
-- Table structure for table `0_wo_requirements`
--

DROP TABLE IF EXISTS `0_wo_requirements`;
CREATE TABLE IF NOT EXISTS `0_wo_requirements` (
  `id` int(11) NOT NULL AUTO_INCREMENT,
  `workorder_id` int(11) NOT NULL DEFAULT '0',
  `stock_id` char(20) NOT NULL DEFAULT '',
  `workcentre` int(11) NOT NULL DEFAULT '0',
  `units_req` double NOT NULL DEFAULT '1',
  `unit_cost` double NOT NULL DEFAULT '0',
  `loc_code` char(5) NOT NULL DEFAULT '',
  `units_issued` double NOT NULL DEFAULT '0',
  PRIMARY KEY (`id`),
  KEY `workorder_id` (`workorder_id`)
) ENGINE=InnoDB AUTO_INCREMENT=9 ;

--
-- Dumping data for table `0_wo_requirements`
--

INSERT INTO `0_wo_requirements` VALUES
('1', '1', '101', '1', '1', '0', 'DEF', '2'),
('2', '1', '102', '1', '1', '0', 'DEF', '2'),
('3', '1', '103', '1', '1', '0', 'DEF', '2'),
('4', '1', '301', '1', '1', '0', 'DEF', '2'),
('5', '2', '101', '1', '1', '0', 'DEF', '0'),
('6', '2', '102', '1', '1', '0', 'DEF', '0'),
('7', '2', '103', '1', '1', '0', 'DEF', '0'),
('8', '2', '301', '1', '1', '0', 'DEF', '0');

